sheet,pair,metric,cohens_d,mean_i,mean_j,n_i,n_j,p_raw,p_sidak
TRAK isoform (mito),no TRAK vs TRAK1,diff_p1_n1,-0.025746112215582245,-24.900119872535264,-24.62643161323571,16,26,0.9615496305346678,0.9999431537852038
TRAK isoform (mito),no TRAK vs TRAK1,ratio_p1_n1,-0.2301943392161164,0.025029922754439597,0.03549183564417713,16,26,0.6454351056938981,0.9554254260450258
TRAK isoform (mito),no TRAK vs TRAK1,diff_p1_n2,-0.1102537708887255,-36.59397711479739,-35.11496779309147,16,26,0.8413338115882046,0.9960055851572868
TRAK isoform (mito),no TRAK vs TRAK1,ratio_p1_n2,-0.19310086625758702,0.017300406500822707,0.023175862813919233,16,26,0.691742110820079,0.9707084333330465
TRAK isoform (mito),no TRAK vs TRAK1,diff_p1_n3,-0.15911508943246486,-47.187479676300995,-44.794931441043325,16,26,0.7821499249105429,0.9896611283974447
TRAK isoform (mito),no TRAK vs TRAK1,ratio_p1_n3,-0.16240249552696437,0.013504875456522724,0.01729154055202746,16,26,0.7338936078895867,0.9811563113255162
TRAK isoform (mito),no TRAK vs TRAK1,diff_p1_n4,-0.2095735440942672,-56.49567123185493,-53.23748147300861,16,26,0.7254303610237791,0.9793006104382234
TRAK isoform (mito),no TRAK vs TRAK1,ratio_p1_n4,-0.1595849756552509,0.01112882630710059,0.014237357708051287,16,26,0.734598400829884,0.9813056398109599
TRAK isoform (mito),no TRAK vs TRAK1,diff_p1_n5,-0.23916777330832228,-64.55637919938147,-60.90427071905971,16,26,0.6886908420779274,0.9698299736054555
TRAK isoform (mito),no TRAK vs TRAK1,ratio_p1_n5,-0.16175530922824224,0.009567249499451003,0.012314753560013119,16,26,0.7273897070948537,0.979740592116546
TRAK isoform (mito),no TRAK vs TRAK1,diff_p2_n1,-0.05812541782242725,-24.327856327937532,-23.696118135320827,16,26,0.9133238783595593,0.9993488239617174
TRAK isoform (mito),no TRAK vs TRAK1,ratio_p2_n1,-0.3263102512312741,0.0520490175089426,0.08302861122004207,16,26,0.5208385084441571,0.889986565167322
TRAK isoform (mito),no TRAK vs TRAK1,diff_p2_n2,-0.1347658984751377,-36.02171357019966,-34.184654315176594,16,26,0.8060929665261837,0.9927091076352468
TRAK isoform (mito),no TRAK vs TRAK1,ratio_p2_n2,-0.29420195006109373,0.035814227532814824,0.0544154184197131,16,26,0.5527758772928963,0.9105509644270364
TRAK isoform (mito),no TRAK vs TRAK1,diff_p2_n3,-0.18048165319423567,-46.61521613170326,-43.86461796312843,16,26,0.7530440901659531,0.9849388452504281
TRAK isoform (mito),no TRAK vs TRAK1,ratio_p2_n3,-0.26552639945711426,0.027897607983274862,0.040691074332952056,16,26,0.5869063646514188,0.9295070782728329
TRAK isoform (mito),no TRAK vs TRAK1,diff_p2_n4,-0.22949347810505322,-55.923407687257196,-52.307167995093735,16,26,0.6997315146583395,0.9729274440624572
TRAK isoform (mito),no TRAK vs TRAK1,ratio_p2_n4,-0.26316864194161177,0.022950223746665513,0.03345530885080724,16,26,0.5877863881040883,0.929956637578542
TRAK isoform (mito),no TRAK vs TRAK1,diff_p2_n5,-0.258672817205899,-63.984115654783736,-59.97395724114483,16,26,0.6642076606688836,0.9621372327176407
TRAK isoform (mito),no TRAK vs TRAK1,ratio_p2_n5,-0.2645166359824205,0.01973077272227794,0.028889902245612477,16,26,0.5832914120480035,0.9276402008374447
TRAK isoform (mito),no TRAK vs TRAK1,diff_p3_n1,-0.09447475488633733,-23.465910815119095,-22.406032061725703,16,26,0.859649180073623,0.9972353200538113
TRAK isoform (mito),no TRAK vs TRAK1,ratio_p3_n1,-0.3489457451076529,0.0945393085816511,0.1503609358346836,16,26,0.487317326242358,0.8652446793505209
TRAK isoform (mito),no TRAK vs TRAK1,diff_p3_n2,-0.16220240555420962,-35.15976805738122,-32.89456824158147,16,26,0.7664917382636175,0.9872677032318165
TRAK isoform (mito),no TRAK vs TRAK1,ratio_p3_n2,-0.3265983678709236,0.06439840189292911,0.09922011282676083,16,26,0.5079055241241685,0.8808358911996148
TRAK isoform (mito),no TRAK vs TRAK1,diff_p3_n3,-0.20415659592332794,-45.75327061888482,-42.57453188953332,16,26,0.720322798533239,0.9781238347215829
TRAK isoform (mito),no TRAK vs TRAK1,ratio_p3_n3,-0.30357259839066336,0.04988529416420637,0.07447734054189599,16,26,0.5371204998434322,0.900824627125985
TRAK isoform (mito),no TRAK vs TRAK1,diff_p3_n4,-0.25108634032855176,-55.06146217443876,-51.01708192149862,16,26,0.6710050289835736,0.9643903440016712
TRAK isoform (mito),no TRAK vs TRAK1,ratio_p3_n4,-0.3047503280397151,0.0409487042252259,0.06117408379631084,16,26,0.5382959815457203,0.9015782770604291
TRAK isoform (mito),no TRAK vs TRAK1,diff_p3_n5,-0.2793408990363706,-63.1221701419653,-58.6838711675497,16,26,0.6370186399503291,0.9521752211244806
TRAK isoform (mito),no TRAK vs TRAK1,ratio_p3_n5,-0.30942790891859256,0.03511154561300854,0.05273911355301368,16,26,0.5347918885281249,0.8993203178639814
TRAK isoform (mito),no TRAK vs TRAK1,diff_p4_n1,-0.1379843603757086,-22.381942598247797,-20.74242634659066,16,26,0.7960370509695698,0.9915149608993619
TRAK isoform (mito),no TRAK vs TRAK1,ratio_p4_n1,-0.3834220589995705,0.1474791735391151,0.2435521578440444,16,26,0.42126723510681496,0.8061641014652515
TRAK isoform (mito),no TRAK vs TRAK1,diff_p4_n2,-0.1947955254519596,-34.07579984050992,-31.230962526446433,16,26,0.7203823611315299,0.9781378085860077
TRAK isoform (mito),no TRAK vs TRAK1,ratio_p4_n2,-0.3670951600203993,0.09986524338337906,0.1604881455030707,16,26,0.4300345259570666,0.8148406504120026
TRAK isoform (mito),no TRAK vs TRAK1,diff_p4_n3,-0.2319987699189752,-44.66930240201352,-40.91092617439828,16,26,0.6826864544552729,0.9680503698408638
TRAK isoform (mito),no TRAK vs TRAK1,ratio_p4_n3,-0.346956877063068,0.07710920874872337,0.12028405502334599,16,26,0.45524013749649317,0.8383352612495972
TRAK isoform (mito),no TRAK vs TRAK1,diff_p4_n4,-0.2759868657211928,-53.97749395756746,-49.35347620636357,16,26,0.6385150071874308,0.9527642498998159
TRAK isoform (mito),no TRAK vs TRAK1,ratio_p4_n4,-0.34861173290611414,0.06326604196025257,0.09846652110921009,16,26,0.4590766985600435,0.8417269140866355
TRAK isoform (mito),no TRAK vs TRAK1,diff_p4_n5,-0.30295027577470623,-62.038201925094,-57.020265452414655,16,26,0.6066445379476003,0.9391366917089868
TRAK isoform (mito),no TRAK vs TRAK1,ratio_p4_n5,-0.3530994236030805,0.05421197398084793,0.08456151487201899,16,26,0.4591919544357346,0.8418280634538102
TRAK isoform (mito),no TRAK vs TRAK1,diff_p5_n1,-0.1820520499286361,-20.85199830528596,-18.52056218325523,16,26,0.7358444573008975,0.9815677147230902
TRAK isoform (mito),no TRAK vs TRAK1,ratio_p5_n1,-0.3988983559408088,0.22194448119894106,0.36905765689863024,16,26,0.39252255316415474,0.7758232973565713
TRAK isoform (mito),no TRAK vs TRAK1,diff_p5_n2,-0.2282654838365669,-32.545855547548086,-29.009098363111,16,26,0.6771981155292058,0.9663637025598952
TRAK isoform (mito),no TRAK vs TRAK1,ratio_p5_n2,-0.3878389283569245,0.14957006093067804,0.2427049872905475,16,26,0.3918416560159923,0.7750686400516985
TRAK isoform (mito),no TRAK vs TRAK1,diff_p5_n3,-0.2604886824082305,-43.139358109051685,-38.689062011062845,16,26,0.6477451681597892,0.9562909993545973
TRAK isoform (mito),no TRAK vs TRAK1,ratio_p5_n3,-0.3701654134557181,0.11523082590788877,0.18159790320782065,16,26,0.41326873562386557,0.7980156637375776
TRAK isoform (mito),no TRAK vs TRAK1,diff_p5_n4,-0.30101295596931604,-52.44754966460562,-47.131612043028134,16,26,0.6090188305697462,0.9402321650930723
TRAK isoform (mito),no TRAK vs TRAK1,ratio_p5_n4,-0.3729405541499218,0.09451231369805116,0.14836000048696218,16,26,0.41724129065284576,0.8020906473013212
TRAK isoform (mito),no TRAK vs TRAK1,diff_p5_n5,-0.5454172916378485,-63.707559123036184,-53.88953785005872,24,34,0.1898096825450657,0.4681843101301766
TRAK isoform (mito),no TRAK vs TRAK1,ratio_p5_n5,-0.5643320708735032,0.061891074220019764,0.13334924580690552,24,34,0.09226248775836254,0.2520357354565985
TRAK isoform (mito),no TRAK vs TRAK2,diff_p1_n1,0.23636853610477962,-24.900119872535264,-28.08658870132004,16,28,0.5758065159315222,0.923670576998373
TRAK isoform (mito),no TRAK vs TRAK2,ratio_p1_n1,0.7390698913778992,0.025029922754439597,0.008239658055300641,16,28,0.4621645323375072,0.8444219530057298
TRAK isoform (mito),no TRAK vs TRAK2,diff_p1_n2,0.23491251118367482,-36.59397711479739,-40.27631876357323,16,28,0.6173565123603286,0.9439748563310644
TRAK isoform (mito),no TRAK vs TRAK2,ratio_p1_n2,0.7306344526071921,0.017300406500822707,0.005606962329724197,16,28,0.4351243708643844,0.8197569556510234
TRAK isoform (mito),no TRAK vs TRAK2,diff_p1_n3,0.2583539704027706,-47.187479676300995,-51.569704874611894,16,28,0.6111467724853847,0.9412027351412409
TRAK isoform (mito),no TRAK vs TRAK2,ratio_p1_n3,0.7191415795780527,0.013504875456522724,0.0043099807007183355,16,28,0.4166237804005416,0.8014608466808923
TRAK isoform (mito),no TRAK vs TRAK2,diff_p1_n4,0.2795819343454504,-56.49567123185493,-61.28552605569104,16,28,0.6035376289548323,0.9376830883887578
TRAK isoform (mito),no TRAK vs TRAK2,ratio_p1_n4,0.7024295615544944,0.01112882630710059,0.0035783670110783833,16,28,0.4177071881765886,0.8025649350987932
TRAK isoform (mito),no TRAK vs TRAK2,diff_p1_n5,0.32287355747641644,-64.55637919938147,-69.7691993729718,16,28,0.565672709303954,0.9180684149967095
TRAK isoform (mito),no TRAK vs TRAK2,ratio_p1_n5,0.6939928036121673,0.009567249499451003,0.003099411342952792,16,28,0.41903915585230445,0.8039167087937051
TRAK isoform (mito),no TRAK vs TRAK2,diff_p2_n1,0.25674949176335676,-24.327856327937532,-27.79325449778923,16,28,0.5523738873453463,0.9103095422294396
TRAK isoform (mito),no TRAK vs TRAK2,ratio_p2_n1,0.7152863652135407,0.0520490175089426,0.01950903286650522,16,28,0.4953758054958681,0.8714996804797236
TRAK isoform (mito),no TRAK vs TRAK2,diff_p2_n2,0.25209849380042837,-36.02171357019966,-39.982984560042425,16,28,0.5959497275387684,0.9340361171266636
TRAK isoform (mito),no TRAK vs TRAK2,ratio_p2_n2,0.712959876929022,0.035814227532814824,0.013285310350064103,16,28,0.4701835860555499,0.8512776543860942
TRAK isoform (mito),no TRAK vs TRAK2,diff_p2_n3,0.2738261315339704,-46.61521613170326,-51.27637067108109,16,28,0.5925980847285748,0.9323809291113713
TRAK isoform (mito),no TRAK vs TRAK2,ratio_p2_n3,0.707054991052052,0.02789760798327486,0.01022084870111235,16,28,0.45323749144341363,0.8365457631892854
TRAK isoform (mito),no TRAK vs TRAK2,diff_p2_n4,0.2945939153334613,-55.923407687257196,-60.99219185216021,16,28,0.5866279551952065,0.9293644535184958
TRAK isoform (mito),no TRAK vs TRAK2,ratio_p2_n4,0.6926151626543171,0.022950223746665513,0.008489637949272358,16,28,0.45586310018475995,0.8388892446600407
TRAK isoform (mito),no TRAK vs TRAK2,diff_p2_n5,0.3382105816287386,-63.984115654783736,-69.47586516944097,16,28,0.5503528641890525,0.9090891969460522
TRAK isoform (mito),no TRAK vs TRAK2,ratio_p2_n5,0.6853801788053152,0.01973077272227794,0.007355881471770147,16,28,0.4585225444493972,0.8412399824018876
TRAK isoform (mito),no TRAK vs TRAK2,diff_p3_n1,0.2923003438967284,-23.465910815119095,-27.442610970285422,16,28,0.5105095029834205,0.8827176135290848
TRAK isoform (mito),no TRAK vs TRAK2,ratio_p3_n1,0.7730641066113603,0.0945393085816511,0.03352672597353039,16,28,0.4440688236774675,0.8281842037285855
TRAK isoform (mito),no TRAK vs TRAK2,diff_p3_n2,0.28241442054878285,-35.15976805738122,-39.63234103253861,16,28,0.557702202604098,0.9134744577081901
TRAK isoform (mito),no TRAK vs TRAK2,ratio_p3_n2,0.7790464312429556,0.06439840189292911,0.022588076046782684,16,28,0.42527958627021234,0.8101678048129894
TRAK isoform (mito),no TRAK vs TRAK2,diff_p3_n3,0.301311798223762,-45.75327061888483,-50.92572714357727,16,28,0.5593220086502422,0.91442161554501
TRAK isoform (mito),no TRAK vs TRAK2,ratio_p3_n3,0.7759781610546783,0.04988529416420637,0.017316692543634337,16,28,0.41461677489414894,0.7994046695662689
TRAK isoform (mito),no TRAK vs TRAK2,diff_p3_n4,0.3214059273258868,-55.06146217443876,-60.64154832465641,16,28,0.5559826554805489,0.9124613579117266
TRAK isoform (mito),no TRAK vs TRAK2,ratio_p3_n4,0.7637970297680415,0.0409487042252259,0.014351432032066559,16,28,0.4189874493986776,0.8038643489448458
TRAK isoform (mito),no TRAK vs TRAK2,diff_p3_n5,0.36584986159499866,-63.1221701419653,-69.12522164193717,16,28,0.5218602832838375,0.8906888509019747
TRAK isoform (mito),no TRAK vs TRAK2,ratio_p3_n5,0.7568956203710853,0.03511154561300854,0.012428244566548174,16,28,0.4245081196213941,0.8094023236730823
TRAK isoform (mito),no TRAK vs TRAK2,diff_p4_n1,0.3394115246124433,-22.381942598247797,-27.060971593517024,16,28,0.46592718648726583,0.8476643978760064
TRAK isoform (mito),no TRAK vs TRAK2,ratio_p4_n1,0.8297133576674213,0.1474791735391151,0.04901966716173319,16,28,0.40459865075516044,0.788928574406166
TRAK isoform (mito),no TRAK vs TRAK2,diff_p4_n2,0.322841862705915,-34.07579984050992,-39.250701655770214,16,28,0.5159277547616463,0.8865693167794239
TRAK isoform (mito),no TRAK vs TRAK2,ratio_p4_n2,0.8385538329995603,0.09986524338337906,0.0328821051785979,16,28,0.38054558568676766,0.7623006159218222
TRAK isoform (mito),no TRAK vs TRAK2,diff_p4_n3,0.33807332728366885,-44.66930240201352,-50.544087766808886,16,28,0.5225873777562442,0.8911867727123165
TRAK isoform (mito),no TRAK vs TRAK2,ratio_p4_n3,0.8354477514063819,0.07710920874872337,0.02518949370668639,16,28,0.3692135277231623,0.749015377935472
TRAK isoform (mito),no TRAK vs TRAK2,diff_p4_n4,0.35724636380742963,-53.97749395756746,-60.25990894788801,16,28,0.5218858541410789,0.8907063878072402
TRAK isoform (mito),no TRAK vs TRAK2,ratio_p4_n4,0.8248383660957433,0.06326604196025257,0.02087008045688673,16,28,0.3725052134477429,0.7529241115567322
TRAK isoform (mito),no TRAK vs TRAK2,diff_p4_n5,0.4026642271570497,-62.038201925094,-68.74358226516877,16,28,0.4904737984439871,0.8677183615702064
TRAK isoform (mito),no TRAK vs TRAK2,ratio_p4_n5,0.819371052703462,0.05421197398084793,0.018073162808105007,16,28,0.37763363240386427,0.758932676203382
TRAK isoform (mito),no TRAK vs TRAK2,diff_p5_n1,0.40059941971600144,-20.85199830528596,-26.508506497573652,16,28,0.420347170248188,0.8052381545390195
TRAK isoform (mito),no TRAK vs TRAK2,ratio_p5_n1,0.8668263849290101,0.22194448119894106,0.07216507401777379,16,28,0.3786008466286256,0.7600548524010149
TRAK isoform (mito),no TRAK vs TRAK2,diff_p5_n2,0.3760308341275873,-32.545855547548086,-38.698236559826846,16,28,0.47126424447666704,0.8521858395217332
TRAK isoform (mito),no TRAK vs TRAK2,ratio_p5_n2,0.8798213545996103,0.14957006093067804,0.048120079883162144,16,28,0.3482465804126126,0.7231465400456462
TRAK isoform (mito),no TRAK vs TRAK2,diff_p5_n3,0.3866876693157868,-43.139358109051685,-49.99162267086551,16,28,0.48253696186210404,0.8614399593571065
TRAK isoform (mito),no TRAK vs TRAK2,ratio_p5_n3,0.8791968057378302,0.11523082590788876,0.0367550310482203,16,28,0.33378884997195846,0.704310644325572
TRAK isoform (mito),no TRAK vs TRAK2,diff_p5_n4,0.4047038058415896,-52.44754966460562,-59.70744385194463,16,28,0.48428973928237684,0.8628432085386064
TRAK isoform (mito),no TRAK vs TRAK2,ratio_p5_n4,0.871357572098332,0.09451231369805116,0.030405445590844845,16,28,0.33481327355286283,0.7056725801250354
TRAK isoform (mito),no TRAK vs TRAK2,diff_p5_n5,0.20242795753129353,-63.707559123036184,-67.23451587717578,24,39,0.6112091773702029,0.941231038733376
TRAK isoform (mito),no TRAK vs TRAK2,ratio_p5_n5,0.6320831058545402,0.061891074220019764,0.0266251369113912,24,39,0.3606327148111661,0.7386327115834324
TRAK isoform (mito),TRAK1 vs TRAK2,diff_p1_n1,0.2545437733113363,-24.62643161323571,-28.08658870132004,26,28,0.48846609602250146,0.8661484912393338
TRAK isoform (mito),TRAK1 vs TRAK2,ratio_p1_n1,0.7615775294809531,0.035491835644177114,0.008239658055300641,26,28,0.19727995502949702,0.4827597367848484
TRAK isoform (mito),TRAK1 vs TRAK2,diff_p1_n2,0.3285740778389701,-35.11496779309148,-40.27631876357324,26,28,0.4298832296351862,0.8146931606074299
TRAK isoform (mito),TRAK1 vs TRAK2,ratio_p1_n2,0.7454667564200623,0.023175862813919233,0.005606962329724197,26,28,0.20251782900884352,0.4928190329476605
TRAK isoform (mito),TRAK1 vs TRAK2,diff_p1_n3,0.3972264318129109,-44.79493144104332,-51.56970487461191,26,28,0.37931301615463964,0.7608788920842555
TRAK isoform (mito),TRAK1 vs TRAK2,ratio_p1_n3,0.7303342131355337,0.017291540552027466,0.004309980700718335,26,28,0.20997060824887992,0.5069059677769687
TRAK isoform (mito),TRAK1 vs TRAK2,diff_p1_n4,0.4592343268522604,-53.23748147300861,-61.28552605569104,26,28,0.33319530865645897,0.7035196326969522
TRAK isoform (mito),TRAK1 vs TRAK2,ratio_p1_n4,0.7192879997528735,0.014237357708051287,0.003578367011078384,26,28,0.21096951179488743,0.508773990155968
TRAK isoform (mito),TRAK1 vs TRAK2,diff_p1_n5,0.521207312866296,-60.9042707190597,-69.76919937297178,26,28,0.28290036211181335,0.6312444974176092
TRAK isoform (mito),TRAK1 vs TRAK2,ratio_p1_n5,0.711156608351684,0.012314753560013119,0.003099411342952792,26,28,0.2085883258222987,0.5043131966310297
TRAK isoform (mito),TRAK1 vs TRAK2,diff_p2_n1,0.30012532447369267,-23.696118135320827,-27.79325449778923,26,28,0.4260401302865835,0.8109204391257943
TRAK isoform (mito),TRAK1 vs TRAK2,ratio_p2_n1,0.8323337395772725,0.08302861122004204,0.019509032866505217,26,28,0.15968552690559723,0.40663007411148466
TRAK isoform (mito),TRAK1 vs TRAK2,diff_p2_n2,0.3682126392305906,-34.184654315176594,-39.98298456004242,26,28,0.3843269604670959,0.7666271078109443
TRAK isoform (mito),TRAK1 vs TRAK2,ratio_p2_n2,0.8175814291493213,0.0544154184197131,0.013285310350064103,26,28,0.161816342940849,0.41113252699325875
TRAK isoform (mito),TRAK1 vs TRAK2,diff_p2_n3,0.43397101024433277,-43.86461796312844,-51.276370671081104,26,28,0.34385541244243933,0.7175128791613203
TRAK isoform (mito),TRAK1 vs TRAK2,ratio_p2_n3,0.8037634105075003,0.040691074332952056,0.01022084870111235,26,28,0.1678062730216534,0.4236672309259176
TRAK isoform (mito),TRAK1 vs TRAK2,diff_p2_n4,0.49472806242182665,-52.307167995093735,-60.99219185216021,26,28,0.3040676904309825,0.6629448254165502
TRAK isoform (mito),TRAK1 vs TRAK2,ratio_p2_n4,0.795952815685108,0.03345530885080724,0.008489637949272358,26,28,0.16941515975118004,0.42700345878281576
TRAK isoform (mito),TRAK1 vs TRAK2,diff_p2_n5,0.5570510223042588,-59.97395724114483,-69.47586516944097,26,28,0.2586134521193528,0.5924939084926575
TRAK isoform (mito),TRAK1 vs TRAK2,ratio_p2_n5,0.7898886993874868,0.028889902245612477,0.007355881471770147,26,28,0.16884874641216385,0.4258304024759545
TRAK isoform (mito),TRAK1 vs TRAK2,diff_p3_n1,0.3661896335526785,-22.406032061725703,-27.442610970285422,26,28,0.34938944174224873,0.7246003902569926
TRAK isoform (mito),TRAK1 vs TRAK2,ratio_p3_n1,0.9238350178847348,0.1503609358346836,0.03352672597353039,26,28,0.12675621017657002,0.3341038294462092
TRAK isoform (mito),TRAK1 vs TRAK2,diff_p3_n2,0.4256323806170631,-32.89456824158147,-39.632341032538626,26,28,0.3261439939212515,0.6940141730260447
TRAK isoform (mito),TRAK1 vs TRAK2,ratio_p3_n2,0.9138611400199717,0.09922011282676083,0.02258807604678269,26,28,0.12679695163087834,0.3341970278622889
TRAK isoform (mito),TRAK1 vs TRAK2,diff_p3_n3,0.4870392870229627,-42.57453188953332,-50.925727143577284,26,28,0.2979279870936351,0.6539451163332834
TRAK isoform (mito),TRAK1 vs TRAK2,ratio_p3_n3,0.9050601571081396,0.07447734054189599,0.017316692543634337,26,28,0.13247034118422707,0.34709049105416434
TRAK isoform (mito),TRAK1 vs TRAK2,diff_p3_n4,0.5458330050283716,-51.01708192149862,-60.64154832465641,26,28,0.2660823077683683,0.6046861124951224
TRAK isoform (mito),TRAK1 vs TRAK2,ratio_p3_n4,0.9070833652491684,0.06117408379631085,0.014351432032066559,26,28,0.13463219440205032,0.35195941986557955
TRAK isoform (mito),TRAK1 vs TRAK2,diff_p3_n5,0.6083959609741884,-58.68387116754971,-69.12522164193717,26,28,0.22677008214397454,0.5376978126405776
TRAK isoform (mito),TRAK1 vs TRAK2,ratio_p3_n5,0.9087244927795137,0.05273911355301368,0.012428244566548174,26,28,0.13565776541400354,0.3542607221246572
TRAK isoform (mito),TRAK1 vs TRAK2,diff_p4_n1,0.4503211851837584,-20.74242634659066,-27.06097159351702,26,28,0.2748498157185677,0.6186850041000115
TRAK isoform (mito),TRAK1 vs TRAK2,ratio_p4_n1,0.9813778199340617,0.24355215784404433,0.04901966716173319,26,28,0.09339907709639872,0.25484182483304285
TRAK isoform (mito),TRAK1 vs TRAK2,diff_p4_n2,0.498171552166325,-31.23096252644643,-39.250701655770214,26,28,0.2680094795462047,0.607792069907761
TRAK isoform (mito),TRAK1 vs TRAK2,ratio_p4_n2,0.9815334856282947,0.16048814550307072,0.0328821051785979,26,28,0.08892594692441336,0.2437575794045782
TRAK isoform (mito),TRAK1 vs TRAK2,diff_p4_n3,0.5534773814589021,-40.91092617439828,-50.54408776680888,26,28,0.25143441476259176,0.5805409483853975
TRAK isoform (mito),TRAK1 vs TRAK2,ratio_p4_n3,0.9793380784326341,0.12028405502334599,0.02518949370668639,26,28,0.09218022325004216,0.25183236227405836
TRAK isoform (mito),TRAK1 vs TRAK2,diff_p4_n4,0.6092579509911062,-49.35347620636357,-60.25990894788801,26,28,0.22755606353862978,0.5391061583922181
TRAK isoform (mito),TRAK1 vs TRAK2,ratio_p4_n4,0.9889178457833977,0.09846652110921009,0.020870080456886732,26,28,0.09419151789414437,0.25679409865969427
TRAK isoform (mito),TRAK1 vs TRAK2,diff_p4_n5,0.6715535254990597,-57.020265452414655,-68.74358226516878,26,28,0.1948296396877558,0.47800861168136366
TRAK isoform (mito),TRAK1 vs TRAK2,ratio_p4_n5,0.9958501120612864,0.08456151487201899,0.018073162808105007,26,28,0.09580400576078041,0.2607561229298091
TRAK isoform (mito),TRAK1 vs TRAK2,diff_p5_n1,0.5536567725822334,-18.52056218325523,-26.508506497573656,26,28,0.21320306313657267,0.5129338126889018
TRAK isoform (mito),TRAK1 vs TRAK2,ratio_p5_n1,1.0199260804481347,0.3690576568986303,0.07216507401777379,26,28,0.0788572259426582,0.2184066622473846
TRAK isoform (mito),TRAK1 vs TRAK2,diff_p5_n2,0.5879454705185593,-29.009098363111,-38.69823655982685,26,28,0.21717965069929712,0.5202816627960383
TRAK isoform (mito),TRAK1 vs TRAK2,ratio_p5_n2,1.0327746793368748,0.2427049872905475,0.048120079883162144,26,28,0.07121844479737938,0.19880035846912214
TRAK isoform (mito),TRAK1 vs TRAK2,diff_p5_n3,0.635973642517822,-38.689062011062845,-49.99162267086552,26,28,0.209679919765844,0.5063614709350825
TRAK isoform (mito),TRAK1 vs TRAK2,ratio_p5_n3,1.0400708486023686,0.18159790320782065,0.0367550310482203,26,28,0.07233544126035552,0.201687564718802
TRAK isoform (mito),TRAK1 vs TRAK2,diff_p5_n4,0.687967101580948,-47.131612043028134,-59.70744385194465,26,28,0.19270068135689322,0.4738570471707847
TRAK isoform (mito),TRAK1 vs TRAK2,ratio_p5_n4,1.0576208752138385,0.14836000048696218,0.03040544559084484,26,28,0.07346272553413558,0.20459432205705363
TRAK isoform (mito),TRAK1 vs TRAK2,diff_p5_n5,0.6943319384786489,-53.88953785005872,-67.23451587717577,34,39,0.05781954407410861,0.16362262969062735
TRAK isoform (mito),TRAK1 vs TRAK2,ratio_p5_n5,1.04148839355996,0.13334924580690552,0.026625136911391206,34,39,0.011797273475423253,0.03497593533524723
TRAK1 helix muts,T1 wt vs T1 mDRH,diff_p1_n1,0.2630724412926314,-24.62643161323571,-27.933744845170096,26,19,0.49180055588628335,0.7417333250025093
TRAK1 helix muts,T1 wt vs T1 mDRH,ratio_p1_n1,0.8199947810589988,0.03549183564417713,0.003446725590427415,26,19,0.08159256152523475,0.15652777695422027
TRAK1 helix muts,T1 wt vs T1 mDRH,diff_p1_n2,0.3831232837745405,-35.11496779309147,-41.23380657416258,26,19,0.3170125020743304,0.5335280776772335
TRAK1 helix muts,T1 wt vs T1 mDRH,ratio_p1_n2,0.8223104106415484,0.023175862813919233,0.0021069863586025326,26,19,0.06954339082465666,0.13425049844192238
TRAK1 helix muts,T1 wt vs T1 mDRH,diff_p1_n3,0.49617097217232037,-44.794931441043325,-53.85541665583709,26,19,0.20370255359920486,0.3659103768555728
TRAK1 helix muts,T1 wt vs T1 mDRH,ratio_p1_n3,0.8184158107385023,0.01729154055202746,0.001522200185696876,26,19,0.06255461391155415,0.12119614810148471
TRAK1 helix muts,T1 wt vs T1 mDRH,diff_p1_n4,0.6018609617045888,-53.237481473008614,-64.72950261074422,26,19,0.14591698517530483,0.27054220378795957
TRAK1 helix muts,T1 wt vs T1 mDRH,ratio_p1_n4,0.8143755828553555,0.014237357708051289,0.0011875605534521938,26,19,0.05886236644058562,0.1142599546981855
TRAK1 helix muts,T1 wt vs T1 mDRH,diff_p1_n5,0.6703489362126722,-60.90427071905971,-73.47341435417987,26,19,0.11163695731669321,0.21081110439445727
TRAK1 helix muts,T1 wt vs T1 mDRH,ratio_p1_n5,0.8093836636932176,0.012314753560013113,0.0009889483666115203,26,19,0.05645734202553965,0.1097272525824905
TRAK1 helix muts,T1 wt vs T1 mDRH,diff_p2_n1,0.32573533259141707,-23.696118135320827,-27.83121151101666,26,19,0.403050026018855,0.6436507285639103
TRAK1 helix muts,T1 wt vs T1 mDRH,ratio_p2_n1,0.9021542250765102,0.08302861122004207,0.008245470967045575,26,19,0.05923434812759654,0.11495998825709175
TRAK1 helix muts,T1 wt vs T1 mDRH,diff_p2_n2,0.43247423375670047,-34.184654315176594,-41.13127324000915,26,19,0.26522403321071164,0.4601042786288666
TRAK1 helix muts,T1 wt vs T1 mDRH,ratio_p2_n2,0.9051689246360226,0.0544154184197131,0.0051603872399156635,26,19,0.04957168276403601,0.09668601379601383
TRAK1 helix muts,T1 wt vs T1 mDRH,diff_p2_n3,0.5394370597910954,-43.86461796312844,-53.75288332168365,26,19,0.17252478731779164,0.3152847723965341
TRAK1 helix muts,T1 wt vs T1 mDRH,ratio_p2_n3,0.9017192506484201,0.040691074332952056,0.003808434392863789,26,19,0.044867560381733895,0.08772202278885921
TRAK1 helix muts,T1 wt vs T1 mDRH,diff_p2_n4,0.6427492809990326,-52.307167995093735,-64.62696927659078,26,19,0.12532386284094665,0.23494165508451692
TRAK1 helix muts,T1 wt vs T1 mDRH,ratio_p2_n4,0.9005887566901255,0.03345530885080724,0.0030421188252165807,26,19,0.042969864573066396,0.08409331988470514
TRAK1 helix muts,T1 wt vs T1 mDRH,diff_p2_n5,0.7111953465914731,-59.973957241144824,-73.3708810200264,26,19,0.09629839586687161,0.18332341068721048
TRAK1 helix muts,T1 wt vs T1 mDRH,ratio_p2_n5,0.8975047672469421,0.028889902245612477,0.002578396863686378,26,19,0.042217493458983846,0.08265267016400835
TRAK1 helix muts,T1 wt vs T1 mDRH,diff_p3_n1,0.4085441836454722,-22.406032061725703,-27.660246393580948,26,19,0.2983810237752009,0.5077308122012648
TRAK1 helix muts,T1 wt vs T1 mDRH,ratio_p3_n1,0.9699443308340425,0.1503609358346836,0.016411323383232562,26,19,0.03792758679104946,0.07441667174230637
TRAK1 helix muts,T1 wt vs T1 mDRH,diff_p3_n2,0.49779873078351267,-32.894568241581474,-40.96030812257343,26,19,0.2017177559872626,0.36274545889398835
TRAK1 helix muts,T1 wt vs T1 mDRH,ratio_p3_n2,0.9718982476311027,0.09922011282676083,0.010456894784974295,26,19,0.0315595111242617,0.06212301950612098
TRAK1 helix muts,T1 wt vs T1 mDRH,diff_p3_n3,0.5963131497119679,-42.57453188953332,-53.58191820424793,26,19,0.13334234262420275,0.2489045049118952
TRAK1 helix muts,T1 wt vs T1 mDRH,ratio_p3_n3,0.9692335505031225,0.07447734054189599,0.007872230660220287,26,19,0.029642694614237852,0.05840669988448277
TRAK1 helix muts,T1 wt vs T1 mDRH,diff_p3_n4,0.6958464072903292,-51.01708192149863,-64.45600415915507,26,19,0.0988081911528973,0.18785332366688712
TRAK1 helix muts,T1 wt vs T1 mDRH,ratio_p3_n4,0.9762017743376281,0.06117408379631084,0.0064070388789711245,26,19,0.0295139028158089,0.05815673517219677
TRAK1 helix muts,T1 wt vs T1 mDRH,diff_p3_n5,0.7634312219145348,-58.68387116754971,-73.19991590259069,26,19,0.07613840068002553,0.14647974530193897
TRAK1 helix muts,T1 wt vs T1 mDRH,ratio_p3_n5,0.9811595656030422,0.052739113553013674,0.005485582695826439,26,19,0.030327010794506726,0.059734294005283295
TRAK1 helix muts,T1 wt vs T1 mDRH,diff_p4_n1,0.4893154725623626,-20.74242634659066,-27.259505373930885,26,19,0.21147305725675047,0.3782252605679841
TRAK1 helix muts,T1 wt vs T1 mDRH,ratio_p4_n1,0.9360639701713211,0.24355215784404433,0.03585915225174529,26,19,0.029992272373017825,0.05908500834393837
TRAK1 helix muts,T1 wt vs T1 mDRH,diff_p4_n2,0.561014996920467,-31.23096252644643,-40.55956710292338,26,19,0.1501989673827835,0.2778382049627125
TRAK1 helix muts,T1 wt vs T1 mDRH,ratio_p4_n2,0.9432391770951872,0.16048814550307072,0.023269844040474746,26,19,0.022413486359979973,0.044324608349150973
TRAK1 helix muts,T1 wt vs T1 mDRH,diff_p4_n3,0.6498508593968907,-40.91092617439828,-53.18117718459788,26,19,0.10262357380653953,0.1947155497122528
TRAK1 helix muts,T1 wt vs T1 mDRH,ratio_p4_n3,0.9383556644974755,0.12028405502334599,0.01791187082673378,26,19,0.020831798223198472,0.04122963262918489
TRAK1 helix muts,T1 wt vs T1 mDRH,diff_p4_n4,0.7437063216130501,-49.35347620636357,-64.055263139505,26,19,0.07848209579414522,0.150804752228049
TRAK1 helix muts,T1 wt vs T1 mDRH,ratio_p4_n4,0.9440742115190115,0.09846652110921011,0.014886207348248047,26,19,0.021485353236692983,0.04250908606968051
TRAK1 helix muts,T1 wt vs T1 mDRH,diff_p4_n5,0.8086919125023143,-57.020265452414655,-72.79917488294063,26,19,0.0612291877562936,0.11870936207929172
TRAK1 helix muts,T1 wt vs T1 mDRH,ratio_p4_n5,0.9498038632590198,0.08456151487201899,0.012870364085976131,26,19,0.022965632143489678,0.0454038440272293
TRAK1 helix muts,T1 wt vs T1 mDRH,diff_p5_n1,0.5785434597102885,-18.52056218325523,-26.620900696187373,26,19,0.13973942296958142,0.25995173960729123
TRAK1 helix muts,T1 wt vs T1 mDRH,ratio_p5_n1,0.9041786447009051,0.36905765689863024,0.06645293734253188,26,19,0.02739657510578375,0.054042577884040655
TRAK1 helix muts,T1 wt vs T1 mDRH,diff_p5_n2,0.6322969982318701,-29.009098363111004,-39.92096242517985,26,19,0.10698636489868385,0.20252664752313332
TRAK1 helix muts,T1 wt vs T1 mDRH,ratio_p5_n2,0.9166587383077203,0.24270498729054754,0.043555894895601674,26,19,0.018176884178635166,0.03602336923882676
TRAK1 helix muts,T1 wt vs T1 mDRH,diff_p5_n3,0.7099765697911842,-38.689062011062845,-52.542572506854356,26,19,0.07688697688803947,0.14786234656109698
TRAK1 helix muts,T1 wt vs T1 mDRH,ratio_p5_n3,0.9108326563747433,0.18159790320782065,0.03379808944305446,26,19,0.01628731959967078,0.032309362419599696
TRAK1 helix muts,T1 wt vs T1 mDRH,diff_p5_n4,0.7965005436055509,-47.131612043028134,-63.416658461761486,26,19,0.06131287315324341,0.11886647789218108
TRAK1 helix muts,T1 wt vs T1 mDRH,ratio_p5_n4,0.9141252678738103,0.14836000048696216,0.02825253014924416,26,19,0.017111404849629475,0.03393000952333103
TRAK1 helix muts,T1 wt vs T1 mDRH,diff_p5_n5,0.964376788233091,-53.88953785005873,-73.53573454474463,34,29,0.003752772778915392,0.00749146225430064
TRAK1 helix muts,T1 wt vs T1 mDRH,ratio_p5_n5,0.9500851711073177,0.1333492458069055,0.02259447865176519,34,29,0.001018840327846271,0.0020366426200788545
TRAK1 helix muts,T1 mDRH vs T1 mDRH / dSp,diff_p1_n1,0.005359033246457332,-27.9337448451701,-28.013489818526097,19,17,0.9877878337246222,0.9998508629948625
TRAK1 helix muts,T1 mDRH vs T1 mDRH / dSp,ratio_p1_n1,-0.6814707333846703,0.0034467255904274165,0.015601901676235874,19,17,0.5004815437729062,0.750481311888501
TRAK1 helix muts,T1 mDRH vs T1 mDRH / dSp,diff_p1_n2,-0.03453637252401324,-41.233806574162585,-40.62203143430425,19,17,0.9246356884212905,0.9943202205402671
TRAK1 helix muts,T1 mDRH vs T1 mDRH / dSp,ratio_p1_n2,-0.7140572786757784,0.002106986358602533,0.009476080700141136,19,17,0.5116085259025052,0.761473768028876
TRAK1 helix muts,T1 mDRH vs T1 mDRH / dSp,diff_p1_n3,-0.076994118084596,-53.85541665583709,-52.36633628664566,19,17,0.8391960818403992,0.9741420999045204
TRAK1 helix muts,T1 mDRH vs T1 mDRH / dSp,ratio_p1_n3,-0.7307083929840988,0.001522200185696876,0.006701973329747941,19,17,0.5231011994685075,0.7725675340516238
TRAK1 helix muts,T1 mDRH vs T1 mDRH / dSp,diff_p1_n4,-0.07723349780390329,-64.7295026107442,-63.199297061490434,19,17,0.8472981260039061,0.9766821376780811
TRAK1 helix muts,T1 mDRH vs T1 mDRH / dSp,ratio_p1_n4,-0.7495466421819559,0.0011875605534521938,0.005211365498905028,19,17,0.5405289992569993,0.7888863994762254
TRAK1 helix muts,T1 mDRH vs T1 mDRH / dSp,diff_p1_n5,-0.060086737515670646,-73.47341435417984,-72.3344552865245,19,17,0.8836535282995832,0.9864634985228641
TRAK1 helix muts,T1 mDRH vs T1 mDRH / dSp,ratio_p1_n5,-0.7619949665801575,0.0009889483666115203,0.004308476532803906,19,17,0.5551407446210632,0.8021002429036979
TRAK1 helix muts,T1 mDRH vs T1 mDRH / dSp,diff_p2_n1,-0.00616347126469465,-27.83121151101666,-27.73900904176432,19,17,0.986121574236225,0.9998073892983194
TRAK1 helix muts,T1 mDRH vs T1 mDRH / dSp,ratio_p2_n1,-0.6819150130674032,0.008245470967045577,0.03131504402568745,19,17,0.541121261068935,0.7894303029570355
TRAK1 helix muts,T1 mDRH vs T1 mDRH / dSp,diff_p2_n2,-0.04402391790217838,-41.13127324000915,-40.34755065754248,19,17,0.9043705475314822,0.9908550078205715
TRAK1 helix muts,T1 mDRH vs T1 mDRH / dSp,ratio_p2_n2,-0.6991129149524096,0.0051603872399156635,0.019376774037865297,19,17,0.5457365639099512,0.7936447306316621
TRAK1 helix muts,T1 mDRH vs T1 mDRH / dSp,diff_p2_n3,-0.08546339661407694,-53.75288332168365,-52.09185550988389,19,17,0.8219312323030432,0.9682915139708872
TRAK1 helix muts,T1 mDRH vs T1 mDRH / dSp,ratio_p2_n3,-0.7031657844042648,0.003808434392863789,0.013843305663823056,19,17,0.5571060713557832,0.8038449679700914
TRAK1 helix muts,T1 mDRH vs T1 mDRH / dSp,diff_p2_n4,-0.08547574686062594,-64.62696927659078,-62.924816284728664,19,17,0.8313998682383379,0.9715739955699502
TRAK1 helix muts,T1 mDRH vs T1 mDRH / dSp,ratio_p2_n4,-0.7075715853902768,0.0030421188252165803,0.01084482419022266,19,17,0.5745090735827245,0.8189574715365686
TRAK1 helix muts,T1 mDRH vs T1 mDRH / dSp,diff_p2_n5,-0.06878366863949391,-73.37088102002642,-72.05997450976272,19,17,0.8673579887736915,0.9824060968578399
TRAK1 helix muts,T1 mDRH vs T1 mDRH / dSp,ratio_p2_n5,-0.7079878910412472,0.002578396863686378,0.009013756423306459,19,17,0.5901796018545963,0.8320472412639428
TRAK1 helix muts,T1 mDRH vs T1 mDRH / dSp,diff_p3_n1,-0.020634240401917362,-27.660246393580948,-27.349144839770066,19,17,0.9533907999383346,0.9978275824696117
TRAK1 helix muts,T1 mDRH vs T1 mDRH / dSp,ratio_p3_n1,-0.6712826176055339,0.01641132338323256,0.05250864873303731,19,17,0.5421230909367052,0.7903487361466432
TRAK1 helix muts,T1 mDRH vs T1 mDRH / dSp,diff_p3_n2,-0.055913313302056185,-40.96030812257343,-39.95768645554823,19,17,0.8773106545190928,0.9849473245054666
TRAK1 helix muts,T1 mDRH vs T1 mDRH / dSp,ratio_p3_n2,-0.6794734310293421,0.010456894784974297,0.03282051793952396,19,17,0.5485061094056116,0.7961532667559424
TRAK1 helix muts,T1 mDRH vs T1 mDRH / dSp,diff_p3_n3,-0.09601780958043866,-53.58191820424795,-51.701991307889635,19,17,0.7977052024143825,0.959076814869794
TRAK1 helix muts,T1 mDRH vs T1 mDRH / dSp,ratio_p3_n3,-0.6671678313974928,0.007872230660220286,0.0235793938429114,19,17,0.5672987727836243,0.8127696479654424
TRAK1 helix muts,T1 mDRH vs T1 mDRH / dSp,diff_p3_n4,-0.09570955395068233,-64.45600415915506,-62.53495208273442,19,17,0.8092760281096997,0.963624366546388
TRAK1 helix muts,T1 mDRH vs T1 mDRH / dSp,ratio_p3_n4,-0.6545270876322625,0.0064070388789711245,0.01856917315021,19,17,0.5890868570941592,0.831150388987244
TRAK1 helix muts,T1 mDRH vs T1 mDRH / dSp,diff_p3_n5,-0.07957298502989485,-73.19991590259067,-71.67011030776847,19,17,0.8451714887283971,0.9760281320974191
TRAK1 helix muts,T1 mDRH vs T1 mDRH / dSp,ratio_p3_n5,-0.6436014858759779,0.005485582695826439,0.015493730339433253,19,17,0.6085818060665478,0.8467917974578744
TRAK1 helix muts,T1 mDRH vs T1 mDRH / dSp,diff_p4_n1,-0.029711518846933134,-27.259505373930885,-26.80411242002843,19,17,0.9324771017528041,0.9954406582122989
TRAK1 helix muts,T1 mDRH vs T1 mDRH / dSp,ratio_p4_n1,-0.49685967288626165,0.03585915225174529,0.08154579489107128,19,17,0.5940780147531339,0.835227341893243
TRAK1 helix muts,T1 mDRH vs T1 mDRH / dSp,diff_p4_n2,-0.06304134736476502,-40.55956710292338,-39.4126540358066,19,17,0.86059352152026,0.9805658337578778
TRAK1 helix muts,T1 mDRH vs T1 mDRH / dSp,ratio_p4_n2,-0.4782637205785692,0.023269844040474743,0.051126235079294355,19,17,0.5955014811997494,0.8363809482884034
TRAK1 helix muts,T1 mDRH vs T1 mDRH / dSp,diff_p4_n3,-0.10185537697460667,-53.18117718459788,-51.156958888148004,19,17,0.7837499415539263,0.9532359122220697
TRAK1 helix muts,T1 mDRH vs T1 mDRH / dSp,ratio_p4_n3,-0.4306694311653343,0.01791187082673378,0.036848249431078846,19,17,0.6215626055158767,0.8567851384560681
TRAK1 helix muts,T1 mDRH vs T1 mDRH / dSp,diff_p4_n4,-0.10121267649686085,-64.05526313950502,-61.98991966299278,19,17,0.7969302397239324,0.9587626724614204
TRAK1 helix muts,T1 mDRH vs T1 mDRH / dSp,ratio_p4_n4,-0.39007094732188075,0.014886207348248047,0.029121456189332495,19,17,0.6514231072325243,0.8784941498285718
TRAK1 helix muts,T1 mDRH vs T1 mDRH / dSp,diff_p4_n5,-0.08545065582443936,-72.79917488294063,-71.12507788802684,19,17,0.8328213285331129,0.9720512918065666
TRAK1 helix muts,T1 mDRH vs T1 mDRH / dSp,ratio_p4_n5,-0.365180506108486,0.012870364085976131,0.02437083960088715,19,17,0.6752936785045858,0.8945658047809167
TRAK1 helix muts,T1 mDRH vs T1 mDRH / dSp,diff_p5_n1,-0.047590673243348404,-26.620900696187373,-25.869291528355394,19,17,0.8911728476410509,0.988156650909442
TRAK1 helix muts,T1 mDRH vs T1 mDRH / dSp,ratio_p5_n1,-0.40412290617555474,0.06645293734253187,0.13045875082132538,19,17,0.5994673265832424,0.839573577525625
TRAK1 helix muts,T1 mDRH vs T1 mDRH / dSp,diff_p5_n2,-0.07735244270127832,-39.92096242517985,-38.47783314413355,19,17,0.8283242438763704,0.9705274347593801
TRAK1 helix muts,T1 mDRH vs T1 mDRH / dSp,ratio_p5_n2,-0.37613099528621996,0.04355589489560167,0.0819540331557645,19,17,0.5951256772590348,0.8360767827850447
TRAK1 helix muts,T1 mDRH vs T1 mDRH / dSp,diff_p5_n3,-0.11386188126207784,-52.542572506854356,-50.22213799647496,19,17,0.7576570212322388,0.9412698806419685
TRAK1 helix muts,T1 mDRH vs T1 mDRH / dSp,ratio_p5_n3,-0.3222753997514146,0.03379808944305446,0.05925141098512961,19,17,0.6251651579906389,0.8594988412158173
TRAK1 helix muts,T1 mDRH vs T1 mDRH / dSp,diff_p5_n4,-0.1126291367007311,-63.416658461761486,-61.05509877131975,19,17,0.7734288236866242,0.9486655020639732
TRAK1 helix muts,T1 mDRH vs T1 mDRH / dSp,ratio_p5_n4,-0.27984424850414896,0.028252530149244167,0.046956712598168186,19,17,0.6618064884470787,0.8856251487435041
TRAK1 helix muts,T1 mDRH vs T1 mDRH / dSp,diff_p5_n5,-0.08543707936854224,-73.53573454474463,-71.90232891676686,29,25,0.7721048732232315,0.9480638111914006
TRAK1 helix muts,T1 mDRH vs T1 mDRH / dSp,ratio_p5_n5,-0.16465514948772542,0.02259447865176519,0.03093290807168959,29,25,0.7471644277715923,0.9360741734159337
TRAK2 helix muts,TRAK2 vs TRAK2 mDRH,diff_p1_n1,0.21286675847746078,-28.086588701320043,-31.176527826482882,28,19,0.45601830246372843,0.7040839127455564
TRAK2 helix muts,TRAK2 vs TRAK2 mDRH,ratio_p1_n1,0.15640827050879189,0.008239658055300641,0.006726205026690212,28,19,0.8902063187540373,0.98794534755846
TRAK2 helix muts,TRAK2 vs TRAK2 mDRH,diff_p1_n2,0.23513299105522015,-40.27631876357323,-44.1258486190353,28,19,0.41434815914816714,0.6570119213068595
TRAK2 helix muts,TRAK2 vs TRAK2 mDRH,ratio_p1_n2,0.14480054012056578,0.005606962329724197,0.00463339520200389,28,19,0.9043498826241079,0.990851055045978
TRAK2 helix muts,TRAK2 vs TRAK2 mDRH,diff_p1_n3,0.2804424345113425,-51.5697048746119,-56.472777554217615,28,19,0.34004214693627177,0.5644556321795144
TRAK2 helix muts,TRAK2 vs TRAK2 mDRH,ratio_p1_n3,0.14260850091083782,0.004309980700718336,0.0035637728172473095,28,19,0.9082011283475349,0.9915729671633342
TRAK2 helix muts,TRAK2 vs TRAK2 mDRH,diff_p1_n4,0.3384901103368084,-61.28552605569103,-67.23039354181593,28,19,0.2593053812801621,0.45137148179947395
TRAK2 helix muts,TRAK2 vs TRAK2 mDRH,ratio_p1_n4,0.14800628035865565,0.0035783670110783833,0.0029300741150174833,28,19,0.9057318633483158,0.9911135184122194
TRAK2 helix muts,TRAK2 vs TRAK2 mDRH,diff_p1_n5,0.4042770433454906,-69.76919937297178,-76.40127240877891,28,19,0.17605906366400936,0.321121333429771
TRAK2 helix muts,TRAK2 vs TRAK2 mDRH,ratio_p1_n5,0.14723118251585482,0.003099411342952792,0.002536740669432124,28,19,0.907581797106376,0.9914588757739129
TRAK2 helix muts,TRAK2 vs TRAK2 mDRH,diff_p2_n1,0.2195408228303321,-27.79325449778923,-30.97516554854937,28,19,0.441266170086442,0.6878165073101272
TRAK2 helix muts,TRAK2 vs TRAK2 mDRH,ratio_p2_n1,0.24709377741736233,0.01950903286650522,0.014312324520100539,28,19,0.7971378856864642,0.9588469625762419
TRAK2 helix muts,TRAK2 vs TRAK2 mDRH,diff_p2_n2,0.24108439426825964,-39.982984560042425,-43.9244863411018,28,19,0.39939896483342363,0.6392783965568369
TRAK2 helix muts,TRAK2 vs TRAK2 mDRH,ratio_p2_n2,0.23779283217478023,0.0132853103500641,0.009821372728217882,28,19,0.8159510356505276,0.9661259787218867
TRAK2 helix muts,TRAK2 vs TRAK2 mDRH,diff_p2_n3,0.28602789789563593,-51.27637067108109,-56.2714152762841,28,19,0.3268284073066572,0.5468400067907082
TRAK2 helix muts,TRAK2 vs TRAK2 mDRH,ratio_p2_n3,0.23903254393487083,0.01022084870111235,0.00751527323150228,28,19,0.819874039088413,0.9675546382056774
TRAK2 helix muts,TRAK2 vs TRAK2 mDRH,diff_p2_n4,0.34406267879035096,-60.99219185216022,-67.02903126388242,28,19,0.24768884681266612,0.4340279287899439
TRAK2 helix muts,TRAK2 vs TRAK2 mDRH,ratio_p2_n4,0.2457806913285948,0.008489637949272358,0.006162051528649497,28,19,0.8165763812224764,0.9663557760745577
TRAK2 helix muts,TRAK2 vs TRAK2 mDRH,diff_p2_n5,0.41011520536580043,-69.47586516944097,-76.19991013084538,28,19,0.16678310263855367,0.305749601951365
TRAK2 helix muts,TRAK2 vs TRAK2 mDRH,ratio_p2_n5,0.24525906963203856,0.007355881471770147,0.005329247046115259,28,19,0.8191523618508021,0.9672941317758568
TRAK2 helix muts,TRAK2 vs TRAK2 mDRH,diff_p3_n1,0.22439945689187543,-27.442610970285422,-30.697200017592632,28,19,0.4364287370087525,0.6823874315304501
TRAK2 helix muts,TRAK2 vs TRAK2 mDRH,ratio_p3_n1,0.2610064129436151,0.03352672597353038,0.02456011215438328,28,19,0.7446300110344131,0.934786168735716
TRAK2 helix muts,TRAK2 vs TRAK2 mDRH,diff_p3_n2,0.24549899311552134,-39.63234103253861,-43.646520810145056,28,19,0.39307695446524904,0.6316444167988227
TRAK2 helix muts,TRAK2 vs TRAK2 mDRH,ratio_p3_n2,0.24454282187820417,0.02258807604678269,0.016801286155685793,28,19,0.7779878757600456,0.9507106166904631
TRAK2 helix muts,TRAK2 vs TRAK2 mDRH,diff_p3_n3,0.29017755887176866,-50.925727143577284,-55.993449745327375,28,19,0.3213192582927191,0.5393924508356551
TRAK2 helix muts,TRAK2 vs TRAK2 mDRH,ratio_p3_n3,0.24204681103317918,0.017316692543634337,0.012868727669467343,28,19,0.7860123849426425,0.9542093006020642
TRAK2 helix muts,TRAK2 vs TRAK2 mDRH,diff_p3_n4,0.3482400731010008,-60.64154832465641,-66.75106573292567,28,19,0.24319380796490075,0.42724438769733253
TRAK2 helix muts,TRAK2 vs TRAK2 mDRH,ratio_p3_n4,0.24732960712853239,0.014351432032066559,0.01056381545757897,28,19,0.7839817119762416,0.9533360992392845
TRAK2 helix muts,TRAK2 vs TRAK2 mDRH,diff_p3_n5,0.4144321920132641,-69.12522164193716,-75.92194459988866,28,19,0.1638014197619343,0.3007719344078432
TRAK2 helix muts,TRAK2 vs TRAK2 mDRH,ratio_p3_n5,0.24363797192224917,0.012428244566548174,0.009164917712519798,28,19,0.788894956777982,0.95543466072623
TRAK2 helix muts,TRAK2 vs TRAK2 mDRH,diff_p4_n1,0.222245344842788,-27.06097159351702,-30.287247536921935,28,19,0.44873546110074225,0.6961074081521887
TRAK2 helix muts,TRAK2 vs TRAK2 mDRH,ratio_p4_n1,0.2102148306161839,0.04901966716173319,0.03929466415865903,28,19,0.7632030747720129,0.943927216202571
TRAK2 helix muts,TRAK2 vs TRAK2 mDRH,diff_p4_n2,0.24373287246366518,-39.250701655770214,-43.236568329474366,28,19,0.40179819310893894,0.6421545982322696
TRAK2 helix muts,TRAK2 vs TRAK2 mDRH,ratio_p4_n2,0.19369729519533527,0.0328821051785979,0.026767655906402878,28,19,0.8008147642068568,0.9603252418420299
TRAK2 helix muts,TRAK2 vs TRAK2 mDRH,diff_p4_n3,0.2885547054698151,-50.544087766808886,-55.58349726465667,28,19,0.3282549851397183,0.5487586350103599
TRAK2 helix muts,TRAK2 vs TRAK2 mDRH,ratio_p4_n3,0.19217317680938012,0.02518949370668639,0.020496015862288525,28,19,0.8076470368374135,0.9630003375625726
TRAK2 helix muts,TRAK2 vs TRAK2 mDRH,diff_p4_n4,0.3465957423414866,-60.25990894788801,-66.34111325225498,28,19,0.24887909108244233,0.435817380186862
TRAK2 helix muts,TRAK2 vs TRAK2 mDRH,ratio_p4_n4,0.1959822681213768,0.02087008045688673,0.016882979381475625,28,19,0.8059363250898646,0.9623392900803732
TRAK2 helix muts,TRAK2 vs TRAK2 mDRH,diff_p4_n5,0.41233098661473555,-68.74358226516878,-75.51199211921798,28,19,0.16838378205323856,0.30841446604792455
TRAK2 helix muts,TRAK2 vs TRAK2 mDRH,ratio_p4_n5,0.1886523935950422,0.01807316280810501,0.014708877638634973,28,19,0.813633683727564,0.9652675961590423
TRAK2 helix muts,TRAK2 vs TRAK2 mDRH,diff_p5_n1,0.21999700688079377,-26.50850649757366,-29.708585636278382,28,19,0.45956939438011024,0.7079347605093191
TRAK2 helix muts,TRAK2 vs TRAK2 mDRH,ratio_p5_n1,0.20578540446541346,0.0721650740177738,0.059591074245305985,28,19,0.7448385893302293,0.9348926545050126
TRAK2 helix muts,TRAK2 vs TRAK2 mDRH,diff_p5_n2,0.24191216961021642,-38.698236559826846,-42.65790642883081,28,19,0.4091088558656901,0.6508476557836462
TRAK2 helix muts,TRAK2 vs TRAK2 mDRH,ratio_p5_n2,0.18204279607490959,0.048120079883162144,0.04061532400106374,28,19,0.7935493179166605,0.9573781158673239
TRAK2 helix muts,TRAK2 vs TRAK2 mDRH,diff_p5_n3,0.2868319242894658,-49.99162267086551,-55.00483536401311,28,19,0.33422951029006054,0.5567496550313874
TRAK2 helix muts,TRAK2 vs TRAK2 mDRH,ratio_p5_n3,0.17375226606175304,0.0367550310482203,0.031226635938484345,28,19,0.8078491174718985,0.9630780383436717
TRAK2 helix muts,TRAK2 vs TRAK2 mDRH,diff_p5_n4,0.3447553299033397,-59.70744385194463,-65.76245135161143,28,19,0.25416821182888716,0.4437349437534802
TRAK2 helix muts,TRAK2 vs TRAK2 mDRH,ratio_p5_n4,0.171971725182339,0.030405445590844845,0.02583766409065627,28,19,0.8109554768241043,0.9642621682571982
TRAK2 helix muts,TRAK2 vs TRAK2 mDRH,diff_p5_n5,0.6559284563991067,-67.23451587717578,-78.3816707302283,39,29,0.017676048025397795,0.035039653376999436
TRAK2 helix muts,TRAK2 vs TRAK2 mDRH,ratio_p5_n5,0.4188011444185784,0.026625136911391206,0.017716381081320932,39,29,0.5354707412250955,0.7842125677420378
TRAK2 helix muts,TRAK2 mDRH vs TRAK2 mDRH mSpindly,diff_p1_n1,-0.05638481445001595,-31.17652782648288,-30.367570025527094,19,26,0.844055844475873,0.9756814203578669
TRAK2 helix muts,TRAK2 mDRH vs TRAK2 mDRH mSpindly,ratio_p1_n1,-1.0013439469195151,0.006726205026690212,0.03704173054156525,19,26,0.029534843999871052,0.05819738098964533
TRAK2 helix muts,TRAK2 mDRH vs TRAK2 mDRH mSpindly,diff_p1_n2,-0.16805571970580213,-44.1258486190353,-41.51386468730915,19,26,0.5793323742349966,0.8230387486332351
TRAK2 helix muts,TRAK2 mDRH vs TRAK2 mDRH mSpindly,ratio_p1_n2,-0.9857169482986176,0.00463339520200389,0.026137453663679096,19,26,0.034349957773292306,0.06751999594755764
TRAK2 helix muts,TRAK2 mDRH vs TRAK2 mDRH mSpindly,diff_p1_n3,-0.32006407104028395,-56.472777554217615,-51.35342823165107,19,26,0.3276388592248689,0.5479304963755643
TRAK2 helix muts,TRAK2 mDRH vs TRAK2 mDRH mSpindly,ratio_p1_n3,-0.9894482853853407,0.0035637728172473095,0.020542940562462565,19,26,0.0358197225982797,0.07035639266954175
TRAK2 helix muts,TRAK2 mDRH vs TRAK2 mDRH mSpindly,diff_p1_n4,-0.4554608801461158,-67.23039354181593,-60.1655301298675,19,26,0.19513604405697516,0.3521940124237446
TRAK2 helix muts,TRAK2 mDRH vs TRAK2 mDRH mSpindly,ratio_p1_n4,-1.00158967013621,0.0029300741150174833,0.017051073923433527,19,26,0.03805226591726063,0.07465655689308337
TRAK2 helix muts,TRAK2 mDRH vs TRAK2 mDRH mSpindly,diff_p1_n5,-0.57772949358211,-76.40127240877891,-68.12222751282297,19,26,0.10837605260129302,0.20500673642514777
TRAK2 helix muts,TRAK2 mDRH vs TRAK2 mDRH mSpindly,ratio_p1_n5,-1.0019739806714316,0.002536740669432124,0.01486623891162334,19,26,0.039969167441497144,0.07834080053702785
TRAK2 helix muts,TRAK2 mDRH vs TRAK2 mDRH mSpindly,diff_p2_n1,-0.09919829282499985,-30.97516554854937,-29.53719069590363,19,26,0.7262956255505637,0.9250859154072427
TRAK2 helix muts,TRAK2 mDRH vs TRAK2 mDRH mSpindly,ratio_p2_n1,-1.01366522874424,0.014312324520100539,0.07006904442852555,19,26,0.02958755001803881,0.058299676920007704
TRAK2 helix muts,TRAK2 mDRH vs TRAK2 mDRH mSpindly,diff_p2_n2,-0.20631220601664488,-43.9244863411018,-40.68348535768569,19,26,0.4903884885384344,0.7402961073858586
TRAK2 helix muts,TRAK2 mDRH vs TRAK2 mDRH mSpindly,ratio_p2_n2,-0.9939263302063872,0.009821372728217882,0.04946580034812963,19,26,0.0336858391604391,0.06623694256093526
TRAK2 helix muts,TRAK2 mDRH vs TRAK2 mDRH mSpindly,diff_p2_n3,-0.35542825028782815,-56.2714152762841,-50.52304890202762,19,26,0.27186847423011384,0.46982448118001763
TRAK2 helix muts,TRAK2 mDRH vs TRAK2 mDRH mSpindly,ratio_p2_n3,-0.9972854720405295,0.0075152732315022786,0.03889460525637748,19,26,0.03476937681904568,0.06832984407370657
TRAK2 helix muts,TRAK2 mDRH vs TRAK2 mDRH mSpindly,diff_p2_n4,-0.4902700512138994,-67.02903126388242,-59.33515080024404,19,26,0.15917842104977842,0.29301907237165625
TRAK2 helix muts,TRAK2 mDRH vs TRAK2 mDRH mSpindly,ratio_p2_n4,-1.0150728708492076,0.0061620515286494966,0.032256344677026066,19,26,0.03674456322961883,0.0721389635323022
TRAK2 helix muts,TRAK2 mDRH vs TRAK2 mDRH mSpindly,diff_p2_n5,-0.6128700621151825,-76.1999101308454,-67.2918481831995,19,26,0.08597438458562678,0.1645571743663763
TRAK2 helix muts,TRAK2 mDRH vs TRAK2 mDRH mSpindly,ratio_p2_n5,-1.0195237124621959,0.005329247046115259,0.028083608456026705,19,26,0.038475748369677154,0.07547111352674762
TRAK2 helix muts,TRAK2 mDRH vs TRAK2 mDRH mSpindly,diff_p3_n1,-0.1519078312786112,-30.697200017592632,-28.461118504700043,19,26,0.59317749450294,0.8344954490210945
TRAK2 helix muts,TRAK2 mDRH vs TRAK2 mDRH mSpindly,ratio_p3_n1,-1.0234282997501563,0.02456011215438328,0.11483804943964501,19,26,0.014812958551005506,0.029406493360977226
TRAK2 helix muts,TRAK2 mDRH vs TRAK2 mDRH mSpindly,diff_p3_n2,-0.25304482849841753,-43.64652081014506,-39.60741316648212,19,26,0.39712153809168094,0.6365375601670595
TRAK2 helix muts,TRAK2 mDRH vs TRAK2 mDRH mSpindly,ratio_p3_n2,-1.0028676416782936,0.016801286155685793,0.0806168054938568,19,26,0.018530207234274343,0.03671704588840352
TRAK2 helix muts,TRAK2 mDRH vs TRAK2 mDRH mSpindly,diff_p3_n3,-0.3980698278529645,-55.993449745327375,-49.44697671082403,19,26,0.2182942992607224,0.38893619743171504
TRAK2 helix muts,TRAK2 mDRH vs TRAK2 mDRH mSpindly,ratio_p3_n3,-1.0050471301290436,0.012868727669467343,0.06324927918911373,19,26,0.01939140517564031,0.03840678375659479
TRAK2 helix muts,TRAK2 mDRH vs TRAK2 mDRH mSpindly,diff_p3_n4,-0.5316970963837011,-66.75106573292567,-58.25907860904045,19,26,0.12686559880746495,0.23763631745415326
TRAK2 helix muts,TRAK2 mDRH vs TRAK2 mDRH mSpindly,ratio_p3_n4,-1.0263503774296034,0.01056381545757897,0.05232196028636738,19,26,0.020772958250842244,0.0411144007071933
TRAK2 helix muts,TRAK2 mDRH vs TRAK2 mDRH mSpindly,diff_p3_n5,-0.6541204918221387,-75.92194459988866,-66.21577599199593,19,26,0.06720090048841232,0.12988583995037117
TRAK2 helix muts,TRAK2 mDRH vs TRAK2 mDRH mSpindly,ratio_p3_n5,-1.0336470646434646,0.009164917712519802,0.04539297688445357,19,26,0.022196830456077787,0.04390096162985968
TRAK2 helix muts,TRAK2 mDRH vs TRAK2 mDRH mSpindly,diff_p4_n1,-0.21242290526595609,-30.287247536921942,-27.12244308004756,19,26,0.4635509375627178,0.712222403410161
TRAK2 helix muts,TRAK2 mDRH vs TRAK2 mDRH mSpindly,ratio_p4_n1,-1.0795405140665655,0.03929466415865904,0.17005742085884618,19,26,0.005844089028366417,0.011654024680161412
TRAK2 helix muts,TRAK2 mDRH vs TRAK2 mDRH mSpindly,diff_p4_n2,-0.30750991211749973,-43.236568329474366,-38.26873774182963,19,26,0.31062036490853573,0.5247557187211596
TRAK2 helix muts,TRAK2 mDRH vs TRAK2 mDRH mSpindly,ratio_p4_n2,-1.0805710958371135,0.026767655906402878,0.118349428795579,19,26,0.008076265591474674,0.01608730511704526
TRAK2 helix muts,TRAK2 mDRH vs TRAK2 mDRH mSpindly,diff_p4_n3,-0.4488392880088714,-55.583497264656685,-48.108301286171546,19,26,0.17110141991492633,0.31292714393294874
TRAK2 helix muts,TRAK2 mDRH vs TRAK2 mDRH mSpindly,ratio_p4_n3,-1.0896930882962608,0.020496015862288525,0.09270425028253557,19,26,0.008409800729581307,0.016748876710851346
TRAK2 helix muts,TRAK2 mDRH vs TRAK2 mDRH mSpindly,diff_p4_n4,-0.5818874367108032,-66.34111325225498,-56.92040318438798,19,26,0.09936033704431746,0.1888481975110745
TRAK2 helix muts,TRAK2 mDRH vs TRAK2 mDRH mSpindly,ratio_p4_n4,-1.1167349731422647,0.016882979381475625,0.07665480153288103,19,26,0.009065042440629778,0.018047909886809155
TRAK2 helix muts,TRAK2 mDRH vs TRAK2 mDRH mSpindly,diff_p4_n5,-0.705137450172425,-75.51199211921796,-64.87710056734345,19,26,0.051635821034352714,0.10060538405481367
TRAK2 helix muts,TRAK2 mDRH vs TRAK2 mDRH mSpindly,ratio_p4_n5,-1.1260679197476455,0.014708877638634975,0.06638115927606164,19,26,0.009782868545353485,0.019470032573731255
TRAK2 helix muts,TRAK2 mDRH vs TRAK2 mDRH mSpindly,diff_p5_n1,-0.28381890561255535,-29.708585636278382,-25.42724971163324,19,26,0.33801609106130515,0.5617773043062457
TRAK2 helix muts,TRAK2 mDRH vs TRAK2 mDRH mSpindly,ratio_p5_n1,-1.1223711388572826,0.059591074245306005,0.23771119347942699,19,26,0.003142650384709733,0.006275424517978911
TRAK2 helix muts,TRAK2 mDRH vs TRAK2 mDRH mSpindly,diff_p5_n2,-0.3720855142261895,-42.65790642883081,-36.57354437341531,19,26,0.2279701511711708,0.40396991251733516
TRAK2 helix muts,TRAK2 mDRH vs TRAK2 mDRH mSpindly,ratio_p5_n2,-1.1406725123638948,0.04061532400106374,0.16487132876941393,19,26,0.004275974141559891,0.008533664328260526
TRAK2 helix muts,TRAK2 mDRH vs TRAK2 mDRH mSpindly,diff_p5_n3,-0.5091648195685479,-55.00483536401311,-46.41310791775723,19,26,0.1267934056205967,0.2375102435323243
TRAK2 helix muts,TRAK2 mDRH vs TRAK2 mDRH mSpindly,ratio_p5_n3,-1.1540667315398612,0.031226635938484338,0.1291370577108333,19,26,0.004408377759808402,0.008797321725143581
TRAK2 helix muts,TRAK2 mDRH vs TRAK2 mDRH mSpindly,diff_p5_n4,-0.6414180558042027,-65.76245135161143,-55.225209815973656,19,26,0.07398714668171125,0.14250019548932147
TRAK2 helix muts,TRAK2 mDRH vs TRAK2 mDRH mSpindly,ratio_p5_n4,-1.1862316954167287,0.02583766409065627,0.10687531948668413,19,26,0.004733287622512683,0.009444171233307985
TRAK2 helix muts,TRAK2 mDRH vs TRAK2 mDRH mSpindly,diff_p5_n5,-0.9270134028392002,-78.38167073022831,-64.39093188395512,29,33,0.006692134734384014,0.013339484801464851
TRAK2 helix muts,TRAK2 mDRH vs TRAK2 mDRH mSpindly,ratio_p5_n5,-1.1549368945361114,0.017716381081320936,0.0835464304349985,29,33,0.0013159757005561934,0.002630219609067952
MAPK9 siRNA,ctrl ctrl vs MAPK9 ctrl,diff_p1_n1,0.326299382530852,-29.298044626867874,-33.81712877951035,20,28,0.4855943802509326,0.9639812594910182
MAPK9 siRNA,ctrl ctrl vs MAPK9 ctrl,ratio_p1_n1,-0.004271153597462611,0.01549595955184079,0.015625050280964888,20,28,0.9881807289642806,0.99999999976935
MAPK9 siRNA,ctrl ctrl vs MAPK9 ctrl,diff_p1_n2,0.48059706463448226,-40.32062614422329,-47.748584120545964,20,28,0.2851619884335621,0.8133456178559455
MAPK9 siRNA,ctrl ctrl vs MAPK9 ctrl,ratio_p1_n2,0.00629631092414833,0.01073176496888247,0.01060142625397838,20,28,0.9827094685767953,0.9999999984545972
MAPK9 siRNA,ctrl ctrl vs MAPK9 ctrl,diff_p1_n3,0.5746018353017234,-50.604636218938595,-59.578165585217185,20,28,0.20345127999089407,0.6793274979262367
MAPK9 siRNA,ctrl ctrl vs MAPK9 ctrl,ratio_p1_n3,-0.002711970633431114,0.008339468020175727,0.008384620336797674,20,28,0.9925569995167671,0.9999999999771577
MAPK9 siRNA,ctrl ctrl vs MAPK9 ctrl,diff_p1_n4,0.5939804695539029,-59.99946726253211,-69.15741286856242,20,28,0.1928143007319758,0.6573369351512729
MAPK9 siRNA,ctrl ctrl vs MAPK9 ctrl,ratio_p1_n4,-0.019852307502311494,0.006826273090496429,0.0071036584654967415,20,28,0.9462002119956835,0.9999995492841595
MAPK9 siRNA,ctrl ctrl vs MAPK9 ctrl,diff_p1_n5,0.6005326828064291,-67.77737356722886,-76.60534660194266,20,28,0.1806526047845619,0.6307330945492836
MAPK9 siRNA,ctrl ctrl vs MAPK9 ctrl,ratio_p1_n5,-0.032304104479863725,0.005904565865300136,0.006302435841856758,20,28,0.9129076358030743,0.9999949892769416
MAPK9 siRNA,ctrl ctrl vs MAPK9 ctrl,diff_p2_n1,0.313503932532064,-28.91281820939988,-33.294867155510886,20,28,0.5001411783356204,0.968794093322762
MAPK9 siRNA,ctrl ctrl vs MAPK9 ctrl,ratio_p2_n1,-0.04278378405466496,0.03176332746710721,0.03404564961216277,20,28,0.883622845659581,0.9999786529106438
MAPK9 siRNA,ctrl ctrl vs MAPK9 ctrl,diff_p2_n2,0.4674952689319143,-39.93539972675529,-47.226322496546516,20,28,0.2957903743674909,0.8268151949432876
MAPK9 siRNA,ctrl ctrl vs MAPK9 ctrl,ratio_p2_n2,-0.019497441633348253,0.022276274725591905,0.022991597619534627,20,28,0.9467453648951778,0.9999995716615444
MAPK9 siRNA,ctrl ctrl vs MAPK9 ctrl,diff_p2_n3,0.5598519450550637,-50.2194098014706,-59.05590396121772,20,28,0.21304987217405436,0.6981883141121034
MAPK9 siRNA,ctrl ctrl vs MAPK9 ctrl,ratio_p2_n3,-0.022843268890579485,0.017402802162393285,0.018076976272560902,20,28,0.9374660882040078,0.9999990437356098
MAPK9 siRNA,ctrl ctrl vs MAPK9 ctrl,diff_p2_n4,0.5782426145318446,-59.614240845064124,-68.63515124456295,20,28,0.20323041041506862,0.6788826658225167
MAPK9 siRNA,ctrl ctrl vs MAPK9 ctrl,ratio_p2_n4,-0.04008096166422666,0.01431338164482349,0.015308466851290059,20,28,0.8914534087555798,0.9999849311209189
MAPK9 siRNA,ctrl ctrl vs MAPK9 ctrl,diff_p2_n5,0.5833576702325657,-67.39214714976087,-76.08308497794319,20,28,0.19216862602181306,0.6559642453461649
MAPK9 siRNA,ctrl ctrl vs MAPK9 ctrl,ratio_p2_n5,-0.05461213954821115,0.012401109750454194,0.013594480625665043,20,28,0.8526762771166744,0.9999305993680784
MAPK9 siRNA,ctrl ctrl vs MAPK9 ctrl,diff_p3_n1,0.3063780484377452,-28.370333327573682,-32.69576917669276,20,28,0.510398268013545,0.9718670854319551
MAPK9 siRNA,ctrl ctrl vs MAPK9 ctrl,ratio_p3_n1,0.020296362614191866,0.05613274474362512,0.054621269192615333,20,28,0.9417720133528713,0.9999993306413675
MAPK9 siRNA,ctrl ctrl vs MAPK9 ctrl,diff_p3_n2,0.4592532114967745,-39.392914844929095,-46.62722451772838,20,28,0.304659621428798,0.8374498972042135
MAPK9 siRNA,ctrl ctrl vs MAPK9 ctrl,ratio_p3_n2,0.046892815885099824,0.039305768562761974,0.03690256689737687,20,28,0.8656022355977943,0.9999561509465171
MAPK9 siRNA,ctrl ctrl vs MAPK9 ctrl,diff_p3_n3,0.5494943401686528,-49.67692491964439,-58.45680598239959,20,28,0.22119252054304506,0.7134828856151213
MAPK9 siRNA,ctrl ctrl vs MAPK9 ctrl,ratio_p3_n3,0.04033260904426426,0.030672114593094997,0.029016361534678705,20,28,0.8838866154777385,0.9999788937333188
MAPK9 siRNA,ctrl ctrl vs MAPK9 ctrl,diff_p3_n4,0.566384718278628,-59.07175596323791,-68.03605326574483,20,28,0.21165864035289328,0.6955110334170824
MAPK9 siRNA,ctrl ctrl vs MAPK9 ctrl,ratio_p3_n4,0.01718787162681935,0.02523318626731928,0.024639675550300617,20,28,0.9507257014946213,0.9999997095293539
MAPK9 siRNA,ctrl ctrl vs MAPK9 ctrl,diff_p3_n5,0.569736350334239,-66.84966226793468,-75.48398699912505,20,28,0.20131821564424013,0.6750108233019896
MAPK9 siRNA,ctrl ctrl vs MAPK9 ctrl,ratio_p3_n5,-0.0038549232995678767,0.021825938068660025,0.021942954910034538,20,28,0.9889242791698163,0.999999999833329
MAPK9 siRNA,ctrl ctrl vs MAPK9 ctrl,diff_p4_n1,0.3056858679130577,-27.59508718621773,-31.98262307405648,20,28,0.5095348624475294,0.9716181490498088
MAPK9 siRNA,ctrl ctrl vs MAPK9 ctrl,ratio_p4_n1,0.10318930952629618,0.08980458588259331,0.0793934064538084,20,28,0.7156724425116539,0.9981417900925486
MAPK9 siRNA,ctrl ctrl vs MAPK9 ctrl,diff_p4_n2,0.45561821103747824,-38.61766870357313,-45.9140784150921,20,28,0.3064067189299181,0.8394817608020915
MAPK9 siRNA,ctrl ctrl vs MAPK9 ctrl,ratio_p4_n2,0.12966313502688562,0.06300572804986422,0.05394272142241434,20,28,0.6396245475876995,0.9939217857690222
MAPK9 siRNA,ctrl ctrl vs MAPK9 ctrl,diff_p4_n3,0.54266138710657,-48.90167877828844,-57.74365987976331,20,28,0.22391346274794433,0.7184531005280783
MAPK9 siRNA,ctrl ctrl vs MAPK9 ctrl,ratio_p4_n3,0.12164669075120593,0.049315956407906904,0.04249615523633832,20,28,0.6539818897545007,0.9950398575441537
MAPK9 siRNA,ctrl ctrl vs MAPK9 ctrl,diff_p4_n4,0.557586432869383,-58.29650982188197,-67.32290716310854,20,28,0.21477790151722287,0.7014874686814094
MAPK9 siRNA,ctrl ctrl vs MAPK9 ctrl,ratio_p4_n4,0.09726482803671965,0.040728468134333,0.03613071629966075,20,28,0.7186024311345758,0.9982355810839323
MAPK9 siRNA,ctrl ctrl vs MAPK9 ctrl,diff_p4_n5,0.5590965754281594,-66.07441612657871,-74.77084089648879,20,28,0.2051342691215461,0.6827008796969295
MAPK9 siRNA,ctrl ctrl vs MAPK9 ctrl,ratio_p4_n5,0.07649579747829786,0.03531759665275907,0.032141403691676895,20,28,0.7744122976885125,0.9994157790802195
MAPK9 siRNA,ctrl ctrl vs MAPK9 ctrl,diff_p5_n1,0.3140001974646714,-26.544580732888612,-31.15191478170911,20,28,0.4970871734898107,0.967829074052423
MAPK9 siRNA,ctrl ctrl vs MAPK9 ctrl,ratio_p5_n1,0.19009618637308603,0.13491292504396388,0.1089502992889035,20,28,0.5268918142570335,0.9762970548519418
MAPK9 siRNA,ctrl ctrl vs MAPK9 ctrl,diff_p5_n2,0.45919837277786074,-37.56716225024403,-45.08337012274473,20,28,0.30193791904517053,0.834243625957493
MAPK9 siRNA,ctrl ctrl vs MAPK9 ctrl,ratio_p5_n2,0.21844385297522714,0.09507926864262753,0.07409154090249694,20,28,0.4428828751557313,0.9463298831615174
MAPK9 siRNA,ctrl ctrl vs MAPK9 ctrl,diff_p5_n3,0.5423657462039497,-47.851172324959336,-56.91295158741594,20,28,0.2227095545455514,0.7162625595620775
MAPK9 siRNA,ctrl ctrl vs MAPK9 ctrl,ratio_p5_n3,0.21253540687583938,0.07471328625023305,0.058254400308121686,20,28,0.4350445608793987,0.9424466018588504
MAPK9 siRNA,ctrl ctrl vs MAPK9 ctrl,diff_p5_n4,0.5549685046191446,-57.24600336855286,-66.49219887076119,20,28,0.21431081447222367,0.7005985653013459
MAPK9 siRNA,ctrl ctrl vs MAPK9 ctrl,ratio_p5_n4,0.19001839223630182,0.06197268887141805,0.04950503246977946,20,28,0.4758575500155495,0.9604408754620188
MAPK9 siRNA,ctrl ctrl vs MAPK9 ctrl,diff_p5_n5,0.4423476651116605,-65.34998637193472,-72.23992476390828,30,38,0.18202603781809978,0.633817658857204
MAPK9 siRNA,ctrl ctrl vs MAPK9 ctrl,ratio_p5_n5,0.3630935619389743,0.0641533038407095,0.04402109236573905,30,38,0.11669361068393558,0.4622791711497858
MAPK9 siRNA,ctrl ctrl vs ctrl Ars,diff_p1_n1,0.5089435349173107,-29.298044626867874,-36.53633114752182,20,51,0.23481868157849828,0.7376858056101612
MAPK9 siRNA,ctrl ctrl vs ctrl Ars,ratio_p1_n1,0.7928727167114165,0.01549595955184079,0.0036241034458149423,20,51,0.16613789627186815,0.5968458031372932
MAPK9 siRNA,ctrl ctrl vs ctrl Ars,diff_p1_n2,0.6159733569701178,-40.32062614422329,-50.11033703043413,20,51,0.13700382228020858,0.5213210155539854
MAPK9 siRNA,ctrl ctrl vs ctrl Ars,ratio_p1_n2,0.793934949642847,0.010731764968882469,0.002511059751181893,20,51,0.1649394390985277,0.5939403234794245
MAPK9 siRNA,ctrl ctrl vs ctrl Ars,diff_p1_n3,0.7041386428064951,-50.604636218938595,-62.05946700000269,20,51,0.0897087504950862,0.37496859429714136
MAPK9 siRNA,ctrl ctrl vs ctrl Ars,ratio_p1_n3,0.7943105462347594,0.008339468020175727,0.0019551712796329643,20,51,0.1779388601756502,0.624577243271141
MAPK9 siRNA,ctrl ctrl vs ctrl Ars,diff_p1_n4,0.7601963762080275,-59.99946726253211,-71.81732119539207,20,51,0.08044078237199181,0.3424958315597091
MAPK9 siRNA,ctrl ctrl vs ctrl Ars,ratio_p1_n4,0.7807953021427528,0.0068262730904964306,0.0016668710344583245,20,51,0.19669073043514707,0.6654863130335887
MAPK9 siRNA,ctrl ctrl vs ctrl Ars,diff_p1_n5,0.8307050762172984,-67.77737356722886,-79.52339218562041,20,51,0.06669013919068001,0.29184345762587593
MAPK9 siRNA,ctrl ctrl vs ctrl Ars,ratio_p1_n5,0.7615107799249148,0.005904565865300136,0.001499668063544884,20,51,0.21066035036764275,0.6935782469530518
MAPK9 siRNA,ctrl ctrl vs ctrl Ars,diff_p2_n1,0.5272855667863521,-28.91281820939988,-36.43301748633969,20,51,0.2209161968952419,0.7129742383765214
MAPK9 siRNA,ctrl ctrl vs ctrl Ars,ratio_p2_n1,0.9608314027256931,0.03176332746710721,0.007104768074969323,20,51,0.11682216392300071,0.4626703470622294
MAPK9 siRNA,ctrl ctrl vs ctrl Ars,diff_p2_n2,0.6318635794629137,-39.93539972675529,-50.007023369251996,20,51,0.1297380843036131,0.500828373049625
MAPK9 siRNA,ctrl ctrl vs ctrl Ars,ratio_p2_n2,0.9606146922594504,0.022276274725591905,0.004900012458957683,20,51,0.10959123443163943,0.44031053324104363
MAPK9 siRNA,ctrl ctrl vs ctrl Ars,diff_p2_n3,0.7191444410746196,-50.2194098014706,-61.956153338820556,20,51,0.08587386537044683,0.3616915004316008
MAPK9 siRNA,ctrl ctrl vs ctrl Ars,ratio_p2_n3,0.9647668975879147,0.017402802162393285,0.003791733683334738,20,51,0.11656434407352323,0.4618855948252648
MAPK9 siRNA,ctrl ctrl vs ctrl Ars,diff_p2_n4,0.7751832747848659,-59.614240845064124,-71.71400753420995,20,51,0.07770820420188496,0.3326683436643022
MAPK9 siRNA,ctrl ctrl vs ctrl Ars,ratio_p2_n4,0.9472511595008946,0.014313381644823486,0.0032247294665543554,20,51,0.12882226847653333,0.4981963352760146
MAPK9 siRNA,ctrl ctrl vs ctrl Ars,diff_p2_n5,0.8460974492054464,-67.39214714976086,-79.42007852443828,20,51,0.06487466087427918,0.2849290644745446
MAPK9 siRNA,ctrl ctrl vs ctrl Ars,ratio_p2_n5,0.9295876229805979,0.012401109750454192,0.0028916580829446655,20,51,0.13730397963884244,0.5221528796601933
MAPK9 siRNA,ctrl ctrl vs ctrl Ars,diff_p3_n1,0.5500545056104276,-28.370333327573682,-36.261806400855384,20,51,0.20645163627811314,0.6853215499505865
MAPK9 siRNA,ctrl ctrl vs ctrl Ars,ratio_p3_n1,1.0417647276242357,0.05613274474362512,0.01304437147928006,20,51,0.052639477798018586,0.2369088520742907
MAPK9 siRNA,ctrl ctrl vs ctrl Ars,diff_p3_n2,0.6513063665481104,-39.392914844929095,-49.8358122837677,20,51,0.12235364417565608,0.47928778038846687
MAPK9 siRNA,ctrl ctrl vs ctrl Ars,ratio_p3_n2,1.046758816411983,0.039305768562761974,0.008978844224559773,20,51,0.04822289399917612,0.21895461526971205
MAPK9 siRNA,ctrl ctrl vs ctrl Ars,diff_p3_n3,0.7371982155483028,-49.67692491964441,-61.78494225333626,20,51,0.0817083265836187,0.34701495957527617
MAPK9 siRNA,ctrl ctrl vs ctrl Ars,ratio_p3_n3,1.0592591694161027,0.030672114593094997,0.0069245219923325056,20,51,0.05150319379779611,0.23232152367301118
MAPK9 siRNA,ctrl ctrl vs ctrl Ars,diff_p3_n4,0.7928085732707744,-59.07175596323792,-71.54279644872562,20,51,0.07428759958938735,0.3202011792570566
MAPK9 siRNA,ctrl ctrl vs ctrl Ars,ratio_p3_n4,1.041157078427172,0.02523318626731928,0.0058723422966356345,20,51,0.05847625373559018,0.2601283452365504
MAPK9 siRNA,ctrl ctrl vs ctrl Ars,diff_p3_n5,0.863574830735917,-66.84966226793466,-79.24886743895397,20,51,0.06223545757639015,0.2747812255509009
MAPK9 siRNA,ctrl ctrl vs ctrl Ars,ratio_p3_n5,1.0234758389734873,0.021825938068660025,0.005250348921041326,20,51,0.06327731682038784,0.27880088517764456
MAPK9 siRNA,ctrl ctrl vs ctrl Ars,diff_p4_n1,0.5806505838716194,-27.59508718621773,-36.004104884256556,20,51,0.18656117985862308,0.6438569504954308
MAPK9 siRNA,ctrl ctrl vs ctrl Ars,ratio_p4_n1,1.0683442586751706,0.08980458588259331,0.021939591097568982,20,51,0.032737901438058326,0.153316974502279
MAPK9 siRNA,ctrl ctrl vs ctrl Ars,diff_p4_n2,0.6773088585217674,-38.61766870357313,-49.57811076716886,20,51,0.11171689005867647,0.44695939118821115
MAPK9 siRNA,ctrl ctrl vs ctrl Ars,ratio_p4_n2,1.0771050376790845,0.06300572804986421,0.015065755110295601,20,51,0.027584903875907396,0.13052227204408995
MAPK9 siRNA,ctrl ctrl vs ctrl Ars,diff_p4_n3,0.7611948031735428,-48.901678778288456,-61.52724073673742,20,51,0.07525312749476964,0.32373897872744317
MAPK9 siRNA,ctrl ctrl vs ctrl Ars,ratio_p4_n3,1.0953165249579941,0.049315956407906904,0.011584779026058803,20,51,0.02753675235662667,0.13030697910892186
MAPK9 siRNA,ctrl ctrl vs ctrl Ars,diff_p4_n4,0.8160356851316762,-58.296509821881976,-71.28509493212681,20,51,0.06869771061534702,0.29942706907123906
MAPK9 siRNA,ctrl ctrl vs ctrl Ars,ratio_p4_n4,1.0724948092967705,0.040728468134333,0.009811274390475185,20,51,0.0303972828403668,0.1430230925952759
MAPK9 siRNA,ctrl ctrl vs ctrl Ars,diff_p4_n5,0.8860760714062318,-66.07441612657871,-78.99116592235515,20,51,0.05767534308703026,0.2569761141179351
MAPK9 siRNA,ctrl ctrl vs ctrl Ars,ratio_p4_n5,1.0506715027526827,0.03531759665275907,0.008766890468327463,20,51,0.031938143360820015,0.14981088099796147
MAPK9 siRNA,ctrl ctrl vs ctrl Ars,diff_p5_n1,0.6153953875397348,-26.544580732888612,-35.602277174135374,20,51,0.1659859400875574,0.5964783316757372
MAPK9 siRNA,ctrl ctrl vs ctrl Ars,ratio_p5_n1,0.9938353365610652,0.13491292504396388,0.036688899591394555,20,51,0.03038849827285206,0.14298427098422006
MAPK9 siRNA,ctrl ctrl vs ctrl Ars,diff_p5_n2,0.7060115380602392,-37.56716225024403,-49.17628305704768,20,51,0.10109189790880158,0.413083290190848
MAPK9 siRNA,ctrl ctrl vs ctrl Ars,ratio_p5_n2,1.0035855256058615,0.09507926864262753,0.02498045185156077,20,51,0.022687031323142315,0.10840359460135396
MAPK9 siRNA,ctrl ctrl vs ctrl Ars,diff_p5_n3,0.7868251303158666,-47.851172324959336,-61.12541302661624,20,51,0.06907528515449401,0.3008460718263979
MAPK9 siRNA,ctrl ctrl vs ctrl Ars,ratio_p5_n3,1.0194195249084494,0.07471328625023305,0.019104537953850864,20,51,0.0201881875244716,0.09694676084855114
MAPK9 siRNA,ctrl ctrl vs ctrl Ars,diff_p5_n4,0.8395438104373929,-57.24600336855286,-70.88326722200561,20,51,0.06343458515915401,0.2794061000928666
MAPK9 siRNA,ctrl ctrl vs ctrl Ars,ratio_p5_n4,0.9943559320640638,0.06197268887141803,0.016118196262625867,20,51,0.0210318063354602,0.10082772014100938
MAPK9 siRNA,ctrl ctrl vs ctrl Ars,diff_p5_n5,0.8120137871675852,-65.34998637193472,-77.55207099642672,30,57,0.0204674714685551,0.09823305138952654
MAPK9 siRNA,ctrl ctrl vs ctrl Ars,ratio_p5_n5,1.103360628833778,0.0641533038407095,0.01625462355235088,30,57,0.001286422622169825,0.006415585554322534
MAPK9 siRNA,ctrl ctrl vs MAPK9 Ars,diff_p1_n1,0.5305388284188746,-29.298044626867874,-36.059204187779144,20,55,0.25912850511043617,0.7767895988964821
MAPK9 siRNA,ctrl ctrl vs MAPK9 Ars,ratio_p1_n1,0.7864451674534257,0.01549595955184079,0.003548551234885744,20,55,0.16019918091444962,0.5822836548758907
MAPK9 siRNA,ctrl ctrl vs MAPK9 Ars,diff_p1_n2,0.6328151878089054,-40.32062614422329,-49.432838080593726,20,55,0.15771102888461597,0.5760588529854952
MAPK9 siRNA,ctrl ctrl vs MAPK9 Ars,ratio_p1_n2,0.8023093919869565,0.01073176496888247,0.0024063052408755696,20,55,0.15681053034175974,0.573787806148157
MAPK9 siRNA,ctrl ctrl vs MAPK9 Ars,diff_p1_n3,0.7048025584186857,-50.604636218938595,-61.082473667345695,20,55,0.1109309172287859,0.44450834383291327
MAPK9 siRNA,ctrl ctrl vs MAPK9 Ars,ratio_p1_n3,0.7929932265524395,0.008339468020175728,0.0018882018127272208,20,55,0.17031052940251312,0.6068322447437817
MAPK9 siRNA,ctrl ctrl vs MAPK9 Ars,diff_p1_n4,0.7290991681148192,-59.99946726253211,-70.59362790647923,20,55,0.10581146739738445,0.42832989718308867
MAPK9 siRNA,ctrl ctrl vs MAPK9 Ars,ratio_p1_n4,0.7801715552662829,0.006826273090496429,0.001592888142039074,20,55,0.1872637895932161,0.6453923927913331
MAPK9 siRNA,ctrl ctrl vs MAPK9 Ars,diff_p1_n5,0.7700141452571915,-67.77737356722886,-78.22731567197546,20,55,0.09112983908528949,0.37983218078881054
MAPK9 siRNA,ctrl ctrl vs MAPK9 Ars,ratio_p1_n5,0.7707677183141483,0.005904565865300138,0.0014023265692385126,20,55,0.19799027810073544,0.6681833579463273
MAPK9 siRNA,ctrl ctrl vs MAPK9 Ars,diff_p2_n1,0.5453373350040722,-28.91281820939988,-35.89418107382968,20,55,0.24736521533942124,0.7584976108196466
MAPK9 siRNA,ctrl ctrl vs MAPK9 Ars,ratio_p2_n1,0.8329419054279165,0.031763327467107215,0.00895758011521049,20,55,0.13791693407430172,0.5238480456616754
MAPK9 siRNA,ctrl ctrl vs MAPK9 Ars,diff_p2_n2,0.6452263785571775,-39.93539972675529,-49.26781496664425,20,55,0.15140984213408604,0.559962233071911
MAPK9 siRNA,ctrl ctrl vs MAPK9 Ars,ratio_p2_n2,0.847440446168485,0.022276274725591905,0.0061916346021338,20,55,0.1296698653225583,0.500632694493975
MAPK9 siRNA,ctrl ctrl vs MAPK9 Ars,diff_p2_n3,0.7159716421461918,-50.21940980147061,-60.91745055339622,20,55,0.10752375246798906,0.43378244138767663
MAPK9 siRNA,ctrl ctrl vs MAPK9 Ars,ratio_p2_n3,0.8362772434310066,0.017402802162393285,0.004896202710457262,20,55,0.13976351782098528,0.5289258381872776
MAPK9 siRNA,ctrl ctrl vs MAPK9 Ars,diff_p2_n4,0.73990092032749,-59.614240845064124,-70.42860479252975,20,55,0.10336391738014095,0.42046314551982267
MAPK9 siRNA,ctrl ctrl vs MAPK9 Ars,ratio_p2_n4,0.8161995021809583,0.014313381644823486,0.004153848541893614,20,55,0.15429072701570812,0.567381125896689
MAPK9 siRNA,ctrl ctrl vs MAPK9 Ars,diff_p2_n5,0.7806951316386893,-67.39214714976087,-78.06229255802602,20,55,0.08959670378173235,0.37458382756777586
MAPK9 siRNA,ctrl ctrl vs MAPK9 Ars,ratio_p2_n5,0.80475332110761,0.012401109750454194,0.003682322132212292,20,55,0.16336211237062492,0.5900908244443834
MAPK9 siRNA,ctrl ctrl vs MAPK9 Ars,diff_p3_n1,0.5656517952400083,-28.37033332757368,-35.66061473100632,20,55,0.23432995792266154,0.7368470304337276
MAPK9 siRNA,ctrl ctrl vs MAPK9 Ars,ratio_p3_n1,0.9306034011661829,0.05613274474362512,0.01650450629118009,20,55,0.06646786788570724,0.29099980496848576
MAPK9 siRNA,ctrl ctrl vs MAPK9 Ars,diff_p3_n2,0.6621925089446445,-39.392914844929095,-49.034248623820886,20,55,0.144572444436886,0.5419465278439892
MAPK9 siRNA,ctrl ctrl vs MAPK9 Ars,ratio_p3_n2,0.9385138597283698,0.039305768562761974,0.011528727944386127,20,55,0.06201422392329281,0.27392536828924186
MAPK9 siRNA,ctrl ctrl vs MAPK9 Ars,diff_p3_n3,0.7311898667922185,-49.67692491964441,-60.68388421057287,20,55,0.1034360891364422,0.42069634748804363
MAPK9 siRNA,ctrl ctrl vs MAPK9 Ars,ratio_p3_n3,0.9320694129735443,0.030672114593094997,0.009124450383642863,20,55,0.06788393316607277,0.29636089140785105
MAPK9 siRNA,ctrl ctrl vs MAPK9 Ars,diff_p3_n4,0.7544990630024283,-59.07175596323792,-70.1950384497064,20,55,0.09978203377207084,0.4087946153627635
MAPK9 siRNA,ctrl ctrl vs MAPK9 Ars,ratio_p3_n4,0.9132133367993421,0.02523318626731928,0.007748419796863553,20,55,0.07742449814498253,0.331641323004057
MAPK9 siRNA,ctrl ctrl vs MAPK9 Ars,diff_p3_n5,0.7951286253990878,-66.84966226793468,-77.82872621520264,20,55,0.08675108188814162,0.3647483058121107
MAPK9 siRNA,ctrl ctrl vs MAPK9 Ars,ratio_p3_n5,0.9019761751348578,0.021825938068660025,0.006876312331637216,20,55,0.08357360265396252,0.3536199378296333
MAPK9 siRNA,ctrl ctrl vs MAPK9 Ars,diff_p4_n1,0.591754416458819,-27.59508718621772,-35.29104277535895,20,55,0.21717313437257113,0.7060126737846347
MAPK9 siRNA,ctrl ctrl vs MAPK9 Ars,ratio_p4_n1,1.0055892530145563,0.0898045858825933,0.028113366289515246,20,55,0.044231071131194066,0.202437842365504
MAPK9 siRNA,ctrl ctrl vs MAPK9 Ars,diff_p4_n2,0.6838576887597393,-38.61766870357313,-48.66467666817351,20,55,0.13514609429507662,0.5161466467202134
MAPK9 siRNA,ctrl ctrl vs MAPK9 Ars,ratio_p4_n2,1.0055974710960218,0.06300572804986421,0.01975725600791297,20,55,0.038692982168827106,0.17906161240867036
MAPK9 siRNA,ctrl ctrl vs MAPK9 Ars,diff_p4_n3,0.7504882484765478,-48.901678778288456,-60.31431225492549,20,55,0.09737374340028415,0.4008441375270382
MAPK9 siRNA,ctrl ctrl vs MAPK9 Ars,ratio_p4_n3,0.9972798220477657,0.04931595640790691,0.015651581757078908,20,55,0.04016070187768628,0.1853095318893373
MAPK9 siRNA,ctrl ctrl vs MAPK9 Ars,diff_p4_n4,0.7728730162030564,-58.29650982188197,-69.82546649405901,20,55,0.09420250384917794,0.39024470651553556
MAPK9 siRNA,ctrl ctrl vs MAPK9 Ars,ratio_p4_n4,0.9750449990378218,0.040728468134333,0.013308109509770509,20,55,0.044915502069999835,0.20528944671300087
MAPK9 siRNA,ctrl ctrl vs MAPK9 Ars,diff_p4_n5,0.8129596107154241,-66.07441612657871,-77.45915425955526,20,55,0.08207162087331954,0.3483056067367184
MAPK9 siRNA,ctrl ctrl vs MAPK9 Ars,ratio_p4_n5,0.9609711906105578,0.03531759665275907,0.011829960793868959,20,55,0.047411190732057906,0.21561843835684302
MAPK9 siRNA,ctrl ctrl vs MAPK9 Ars,diff_p5_n1,0.6220483761930056,-26.544580732888612,-34.74545520403809,20,55,0.1993371060423339,0.6709601414362395
MAPK9 siRNA,ctrl ctrl vs MAPK9 Ars,ratio_p5_n1,0.9881738118545523,0.13491292504396388,0.04541833540048085,20,55,0.040918660127921336,0.18852114702953826
MAPK9 siRNA,ctrl ctrl vs MAPK9 Ars,diff_p5_n2,0.7084515648696861,-37.567162250244024,-48.11908909685268,20,55,0.12582794690528754,0.48951311288468813
MAPK9 siRNA,ctrl ctrl vs MAPK9 Ars,ratio_p5_n2,0.9758202815714049,0.09507926864262753,0.03198906058623359,20,55,0.03250292251747633,0.1522880426795249
MAPK9 siRNA,ctrl ctrl vs MAPK9 Ars,diff_p5_n3,0.7717134799929727,-47.851172324959336,-59.76872468360465,20,55,0.09173506530869191,0.38189431401655893
MAPK9 siRNA,ctrl ctrl vs MAPK9 Ars,ratio_p5_n3,0.9594995296655233,0.07471328625023306,0.025326470354569815,20,55,0.030616265261741882,0.14399038635207406
MAPK9 siRNA,ctrl ctrl vs MAPK9 Ars,diff_p5_n4,0.7921713436154789,-57.24600336855286,-69.27987892273819,20,55,0.08911582154981734,0.3729303328327145
MAPK9 siRNA,ctrl ctrl vs MAPK9 Ars,ratio_p5_n4,0.9315520564905057,0.06197268887141803,0.0215486866169916,20,55,0.03267605967999698,0.1530462771254879
MAPK9 siRNA,ctrl ctrl vs MAPK9 Ars,diff_p5_n5,0.7421168424625868,-65.34998637193472,-76.04006363383405,30,65,0.03354282371223016,0.15683401867160296
MAPK9 siRNA,ctrl ctrl vs MAPK9 Ars,ratio_p5_n5,1.0775072631018903,0.06415330384070948,0.020797242638023943,30,65,0.0021720157849498545,0.010813004755974132
MAPK9 siRNA,MAPK9 ctrl vs MAPK9 Ars,diff_p1_n1,0.18482739724391525,-33.817128779510355,-36.059204187779144,28,55,0.6584502673047505,0.9953519611551231
MAPK9 siRNA,MAPK9 ctrl vs MAPK9 Ars,ratio_p1_n1,0.5822979202349107,0.015625050280964888,0.0035485512348857433,28,55,0.11833973205409143,0.4672709881032976
MAPK9 siRNA,MAPK9 ctrl vs MAPK9 Ars,diff_p1_n2,0.12201884069250986,-47.748584120545964,-49.432838080593726,28,55,0.7486792184952679,0.9989973669699269
MAPK9 siRNA,MAPK9 ctrl vs MAPK9 Ars,ratio_p1_n2,0.5832867233773634,0.01060142625397838,0.0024063052408755696,28,55,0.12343944838900978,0.4825008870616432
MAPK9 siRNA,MAPK9 ctrl vs MAPK9 Ars,diff_p1_n3,0.10893330799078467,-59.57816558521718,-61.082473667345695,28,55,0.7730614880914259,0.9993980768955067
MAPK9 siRNA,MAPK9 ctrl vs MAPK9 Ars,ratio_p1_n3,0.5695868994367316,0.008384620336797672,0.0018882018127272208,28,55,0.12813077138386153,0.4962016385815492
MAPK9 siRNA,MAPK9 ctrl vs MAPK9 Ars,diff_p1_n4,0.1084676956590952,-69.15741286856242,-70.59362790647923,28,55,0.7815186228181283,0.9995021802487997
MAPK9 siRNA,MAPK9 ctrl vs MAPK9 Ars,ratio_p1_n4,0.5695931796758517,0.0071036584654967415,0.001592888142039074,28,55,0.12843562481876736,0.4970818009396145
MAPK9 siRNA,MAPK9 ctrl vs MAPK9 Ars,diff_p1_n5,0.13358830113831516,-76.60534660194266,-78.22731567197548,28,55,0.7376329558760997,0.998756784510686
MAPK9 siRNA,MAPK9 ctrl vs MAPK9 Ars,ratio_p1_n5,0.5726682903795691,0.006302435841856759,0.0014023265692385124,28,55,0.12684413928091898,0.49247333232995216
MAPK9 siRNA,MAPK9 ctrl vs MAPK9 Ars,diff_p2_n1,0.21265508710067688,-33.294867155510886,-35.89418107382968,28,55,0.6108571220271225,0.991076290326807
MAPK9 siRNA,MAPK9 ctrl vs MAPK9 Ars,ratio_p2_n1,0.6709414778658873,0.03404564961216277,0.00895758011521049,28,55,0.07859631801584621,0.3358751712459197
MAPK9 siRNA,MAPK9 ctrl vs MAPK9 Ars,diff_p2_n2,0.14694323837402073,-47.226322496546516,-49.267814966644245,28,55,0.699981125216167,0.9975692354750592
MAPK9 siRNA,MAPK9 ctrl vs MAPK9 Ars,ratio_p2_n2,0.6650656179380189,0.022991597619534627,0.0061916346021338,28,55,0.08476199383224192,0.35780010286515895
MAPK9 siRNA,MAPK9 ctrl vs MAPK9 Ars,diff_p2_n3,0.13379568738992695,-59.05590396121772,-60.91745055339623,28,55,0.7240414457826359,0.9983996340419375
MAPK9 siRNA,MAPK9 ctrl vs MAPK9 Ars,ratio_p2_n3,0.6446520575953983,0.018076976272560902,0.004896202710457262,28,55,0.0902949173501798,0.3769783969739726
MAPK9 siRNA,MAPK9 ctrl vs MAPK9 Ars,diff_p2_n4,0.13429356301164508,-68.63515124456296,-70.42860479252975,28,55,0.732595980396286,0.9986327760534139
MAPK9 siRNA,MAPK9 ctrl vs MAPK9 Ars,ratio_p2_n4,0.6436291774302344,0.01530846685129006,0.004153848541893615,28,55,0.09083695522219593,0.37883228961883986
MAPK9 siRNA,MAPK9 ctrl vs MAPK9 Ars,diff_p2_n5,0.161340757505239,-76.08308497794319,-78.06229255802602,28,55,0.6877676955392347,0.9970325106288037
MAPK9 siRNA,MAPK9 ctrl vs MAPK9 Ars,ratio_p2_n5,0.6473536149455591,0.013594480625665043,0.003682322132212292,28,55,0.08857746206069028,0.37107505748797476
MAPK9 siRNA,MAPK9 ctrl vs MAPK9 Ars,diff_p3_n1,0.24088328046515753,-32.69576917669276,-35.66061473100632,28,55,0.5675214765993418,0.9848705643750779
MAPK9 siRNA,MAPK9 ctrl vs MAPK9 Ars,ratio_p3_n1,0.7592908942355945,0.05462126919261533,0.01650450629118009,28,55,0.05172839133724538,0.2332324241121494
MAPK9 siRNA,MAPK9 ctrl vs MAPK9 Ars,diff_p3_n2,0.1721810707571209,-46.62722451772837,-49.03424862382088,28,55,0.6543585834914971,0.9950667981979904
MAPK9 siRNA,MAPK9 ctrl vs MAPK9 Ars,ratio_p3_n2,0.7468981024085144,0.03690256689737687,0.011528727944386127,28,55,0.05690378414737152,0.2539292539908311
MAPK9 siRNA,MAPK9 ctrl vs MAPK9 Ars,diff_p3_n3,0.1588538588226582,-58.45680598239959,-60.68388421057287,28,55,0.6776246395149348,0.9965181568438096
MAPK9 siRNA,MAPK9 ctrl vs MAPK9 Ars,ratio_p3_n3,0.725075268808449,0.029016361534678705,0.009124450383642863,28,55,0.06038820824782698,0.2676101923086531
MAPK9 siRNA,MAPK9 ctrl vs MAPK9 Ars,diff_p3_n4,0.16017483767907023,-68.03605326574483,-70.19503844970642,28,55,0.6859612846183749,0.9969456699798108
MAPK9 siRNA,MAPK9 ctrl vs MAPK9 Ars,ratio_p3_n4,0.7252370021135006,0.02463967555030062,0.0077484197968635555,28,55,0.06008701992071708,0.266435618273122
MAPK9 siRNA,MAPK9 ctrl vs MAPK9 Ars,diff_p3_n5,0.18895037121164393,-75.48398699912505,-77.82872621520264,28,55,0.6405986920704936,0.9940034940867868
MAPK9 siRNA,MAPK9 ctrl vs MAPK9 Ars,ratio_p3_n5,0.7306627178065797,0.021942954910034538,0.006876312331637216,28,55,0.05709550115763906,0.2546872694979705
MAPK9 siRNA,MAPK9 ctrl vs MAPK9 Ars,diff_p4_n1,0.2661338960279533,-31.98262307405648,-35.29104277535894,28,55,0.5297842589087722,0.9770128135690201
MAPK9 siRNA,MAPK9 ctrl vs MAPK9 Ars,ratio_p4_n1,0.7808323974877577,0.0793934064538084,0.028113366289515253,28,55,0.05534111381871054,0.24772769907600067
MAPK9 siRNA,MAPK9 ctrl vs MAPK9 Ars,diff_p4_n2,0.1949440701057969,-45.9140784150921,-48.66467666817351,28,55,0.6142278734660769,0.9914561379953433
MAPK9 siRNA,MAPK9 ctrl vs MAPK9 Ars,ratio_p4_n2,0.764348545428891,0.05394272142241434,0.01975725600791297,28,55,0.05749163788351397,0.2562515730397624
MAPK9 siRNA,MAPK9 ctrl vs MAPK9 Ars,diff_p4_n3,0.18135843577435654,-57.74365987976331,-60.31431225492548,28,55,0.6367664564760949,0.993676904554259
MAPK9 siRNA,MAPK9 ctrl vs MAPK9 Ars,ratio_p4_n3,0.7440697155133547,0.04249615523633832,0.015651581757078904,28,55,0.057826180056961385,0.25757059923957215
MAPK9 siRNA,MAPK9 ctrl vs MAPK9 Ars,diff_p4_n4,0.18325237015364512,-67.32290716310854,-69.82546649405901,28,55,0.6449157185083959,0.9943550871794687
MAPK9 siRNA,MAPK9 ctrl vs MAPK9 Ars,ratio_p4_n4,0.7449885010127457,0.03613071629966075,0.013308109509770509,28,55,0.05591463758776671,0.2500085355152224
MAPK9 siRNA,MAPK9 ctrl vs MAPK9 Ars,diff_p4_n5,0.2132692372377069,-74.77084089648879,-77.45915425955526,28,55,0.5996191105039327,0.9897111532068908
MAPK9 siRNA,MAPK9 ctrl vs MAPK9 Ars,ratio_p4_n5,0.749748618135238,0.032141403691676895,0.011829960793868957,28,55,0.051996016496177466,0.2343138152284916
MAPK9 siRNA,MAPK9 ctrl vs MAPK9 Ars,diff_p5_n1,0.2849435580822796,-31.15191478170911,-34.74545520403809,28,55,0.5038900780234408,0.969946880095461
MAPK9 siRNA,MAPK9 ctrl vs MAPK9 Ars,ratio_p5_n1,0.7597407517159,0.1089502992889035,0.045418335400480854,28,55,0.08362696756471921,0.353808114410906
MAPK9 siRNA,MAPK9 ctrl vs MAPK9 Ars,diff_p5_n2,0.21240578270934912,-45.08337012274473,-48.11908909685267,28,55,0.5861031648311313,0.9878532378341383
MAPK9 siRNA,MAPK9 ctrl vs MAPK9 Ars,ratio_p5_n2,0.7363684676956315,0.07409154090249692,0.03198906058623359,28,55,0.08299616288964251,0.3515809513276017
MAPK9 siRNA,MAPK9 ctrl vs MAPK9 Ars,diff_p5_n3,0.1986372756684215,-56.91295158741594,-59.76872468360464,28,55,0.6083148741483526,0.9907809663927857
MAPK9 siRNA,MAPK9 ctrl vs MAPK9 Ars,ratio_p5_n3,0.7172116781528918,0.058254400308121686,0.02532647035456981,28,55,0.07938989075813618,0.33873018651271425
MAPK9 siRNA,MAPK9 ctrl vs MAPK9 Ars,diff_p5_n4,0.20079212064344343,-66.49219887076117,-69.27987892273819,28,55,0.6164725917217351,0.9917018357200195
MAPK9 siRNA,MAPK9 ctrl vs MAPK9 Ars,ratio_p5_n4,0.7177839238581071,0.049505032469779456,0.021548686616991605,28,55,0.07509958746711853,0.32317737844245265
MAPK9 siRNA,MAPK9 ctrl vs MAPK9 Ars,diff_p5_n5,0.288997226235386,-72.23992476390828,-76.04006363383405,38,65,0.36639626928884583,0.8978852146553589
MAPK9 siRNA,MAPK9 ctrl vs MAPK9 Ars,ratio_p5_n5,0.6986749405740892,0.04402109236573905,0.020797242638023943,38,65,0.03933136806957538,0.18178384311672646
MAPK9 siRNA,ctrl Ars vs MAPK9 Ars,diff_p1_n1,-0.037260839163063414,-36.53633114752182,-36.059204187779144,51,55,0.9098200655104873,0.9999940358359942
MAPK9 siRNA,ctrl Ars vs MAPK9 Ars,ratio_p1_n1,0.008462599014424,0.0036241034458149427,0.003548551234885744,51,55,0.9895819266101291,0.9999999998772738
MAPK9 siRNA,ctrl Ars vs MAPK9 Ars,diff_p1_n2,-0.04671642041393796,-50.11033703043413,-49.43283808059373,51,55,0.8772545588290339,0.9999721370653811
MAPK9 siRNA,ctrl Ars vs MAPK9 Ars,ratio_p1_n2,0.017622191330620887,0.002511059751181893,0.0024063052408755683,51,55,0.9790720012351767,0.9999999959854349
MAPK9 siRNA,ctrl Ars vs MAPK9 Ars,diff_p1_n3,-0.06644013642655962,-62.05946700000268,-61.0824736673457,51,55,0.8227600677735296,0.9998250927238738
MAPK9 siRNA,ctrl Ars vs MAPK9 Ars,ratio_p1_n3,0.014419396084467346,0.0019551712796329647,0.0018882018127272212,51,55,0.983375327293075,0.9999999987301117
MAPK9 siRNA,ctrl Ars vs MAPK9 Ars,diff_p1_n4,-0.08837065065729195,-71.81732119539207,-70.59362790647923,51,55,0.7778154433103726,0.9994585363002235
MAPK9 siRNA,ctrl Ars vs MAPK9 Ars,ratio_p1_n4,0.018778824663707203,0.0016668710344583245,0.0015928881420390743,51,55,0.9783718848684264,0.9999999952674701
MAPK9 siRNA,ctrl Ars vs MAPK9 Ars,diff_p1_n5,-0.10516623373759196,-79.52339218562041,-78.22731567197546,51,55,0.7491054013126199,0.9990058393731758
MAPK9 siRNA,ctrl Ars vs MAPK9 Ars,ratio_p1_n5,0.027951614553644134,0.0014996680635448842,0.0014023265692385126,51,55,0.9678393530450766,0.9999999655948162
MAPK9 siRNA,ctrl Ars vs MAPK9 Ars,diff_p2_n1,-0.041960947798245954,-36.433017486339686,-35.89418107382968,51,55,0.8986632768413232,0.9999893135296825
MAPK9 siRNA,ctrl Ars vs MAPK9 Ars,ratio_p2_n1,-0.11333633669406745,0.007104768074969323,0.00895758011521049,51,55,0.8580305721803246,0.9999423267852513
MAPK9 siRNA,ctrl Ars vs MAPK9 Ars,diff_p2_n2,-0.0508512356552862,-50.007023369251996,-49.267814966644245,51,55,0.8669507188832941,0.9999583070464643
MAPK9 siRNA,ctrl Ars vs MAPK9 Ars,ratio_p2_n2,-0.1185453223809735,0.004900012458957682,0.0061916346021338,51,55,0.856045393176239,0.9999381801654426
MAPK9 siRNA,ctrl Ars vs MAPK9 Ars,diff_p2_n3,-0.07046332267757958,-61.956153338820556,-60.91745055339623,51,55,0.8134375639306478,0.9997739934530623
MAPK9 siRNA,ctrl Ars vs MAPK9 Ars,ratio_p2_n3,-0.12980688572531762,0.003791733683334738,0.00489620271045726,51,55,0.846722025223588,0.9999153944666204
MAPK9 siRNA,ctrl Ars vs MAPK9 Ars,diff_p2_n4,-0.09254859485913766,-71.71400753420993,-70.42860479252977,51,55,0.7696316165331368,0.9993511947222504
MAPK9 siRNA,ctrl Ars vs MAPK9 Ars,ratio_p2_n4,-0.1285719259168178,0.0032247294665543546,0.004153848541893614,51,55,0.8479426765963655,0.9999187100778489
MAPK9 siRNA,ctrl Ars vs MAPK9 Ars,diff_p2_n5,-0.10973078615248513,-79.42007852443828,-78.06229255802603,51,55,0.741374772372235,0.9988429438645657
MAPK9 siRNA,ctrl Ars vs MAPK9 Ars,ratio_p2_n5,-0.12373761388968603,0.002891658082944666,0.003682322132212292,51,55,0.8529913208610449,0.999931338248529
MAPK9 siRNA,ctrl Ars vs MAPK9 Ars,diff_p3_n1,-0.04660696804387261,-36.261806400855384,-35.66061473100632,51,55,0.8883730577408576,0.9999826681411912
MAPK9 siRNA,ctrl Ars vs MAPK9 Ars,ratio_p3_n1,-0.136263440366831,0.013044371479280061,0.016504506291180086,51,55,0.801672725465372,0.99969315982719
MAPK9 siRNA,ctrl Ars vs MAPK9 Ars,diff_p3_n2,-0.05491953779003368,-49.8358122837677,-49.03424862382088,51,55,0.8576239613140527,0.9999414961391863
MAPK9 siRNA,ctrl Ars vs MAPK9 Ars,ratio_p3_n2,-0.14869041917211812,0.008978844224559773,0.011528727944386127,51,55,0.7872222433297984,0.9995638547681548
MAPK9 siRNA,ctrl Ars vs MAPK9 Ars,diff_p3_n3,-0.07437930260418657,-61.78494225333626,-60.68388421057287,51,55,0.8051578183788413,0.9997191884812858
MAPK9 siRNA,ctrl Ars vs MAPK9 Ars,ratio_p3_n3,-0.1666650853425689,0.006924521992332506,0.009124450383642867,51,55,0.7707382631885935,0.9993666294138557
MAPK9 siRNA,ctrl Ars vs MAPK9 Ars,diff_p3_n4,-0.096547167421431,-71.54279644872561,-70.1950384497064,51,55,0.7623356562888807,0.9992417364992807
MAPK9 siRNA,ctrl Ars vs MAPK9 Ars,ratio_p3_n4,-0.16812944258844661,0.0058723422966356345,0.007748419796863555,51,55,0.7694399256163785,0.9993484908523206
MAPK9 siRNA,ctrl Ars vs MAPK9 Ars,diff_p3_n5,-0.11402328913065651,-79.24886743895397,-77.82872621520265,51,55,0.7344217429534969,0.9986788182018559
MAPK9 siRNA,ctrl Ars vs MAPK9 Ars,ratio_p3_n5,-0.16455699262921744,0.005250348921041324,0.006876312331637219,51,55,0.772260331647791,0.9993873768284074
MAPK9 siRNA,ctrl Ars vs MAPK9 Ars,diff_p4_n1,-0.054950122063692416,-36.004104884256556,-35.291042775358946,51,55,0.8694002480105405,0.9999620062849657
MAPK9 siRNA,ctrl Ars vs MAPK9 Ars,ratio_p4_n1,-0.15763544766268636,0.021939591097568982,0.02811336628951525,51,55,0.7446581671424488,0.9989145499143793
MAPK9 siRNA,ctrl Ars vs MAPK9 Ars,diff_p4_n2,-0.062243435488889776,-49.57811076716886,-48.664676668173506,51,55,0.8400579635594054,0.999895332197425
MAPK9 siRNA,ctrl Ars vs MAPK9 Ars,ratio_p4_n2,-0.17590309606904228,0.015065755110295603,0.019757256007912973,51,55,0.7140468541677739,0.9980880594094489
MAPK9 siRNA,ctrl Ars vs MAPK9 Ars,diff_p4_n3,-0.08148329207475682,-61.52724073673742,-60.314312254925476,51,55,0.7887758206214117,0.9995795463203566
MAPK9 siRNA,ctrl Ars vs MAPK9 Ars,ratio_p4_n3,-0.2006270258556791,0.011584779026058803,0.015651581757078908,51,55,0.6867637235882659,0.9969844935391132
MAPK9 siRNA,ctrl Ars vs MAPK9 Ars,diff_p4_n4,-0.10388313990690702,-71.2850949321268,-69.82546649405904,51,55,0.7470317840449165,0.9989640714802577
MAPK9 siRNA,ctrl Ars vs MAPK9 Ars,ratio_p4_n4,-0.20395502556243303,0.009811274390475183,0.013308109509770507,51,55,0.680343928520912,0.9966625498410457
MAPK9 siRNA,ctrl Ars vs MAPK9 Ars,diff_p4_n5,-0.12198526569500633,-78.99116592235514,-77.45915425955526,51,55,0.7191340071069031,0.9982521836760225
MAPK9 siRNA,ctrl Ars vs MAPK9 Ars,ratio_p4_n5,-0.20077699951189815,0.008766890468327463,0.011829960793868957,51,55,0.6784312161718016,0.99656149693558
MAPK9 siRNA,ctrl Ars vs MAPK9 Ars,diff_p5_n1,-0.06526109385539694,-35.602277174135374,-34.745455204038095,51,55,0.8462943180226852,0.9999142074431938
MAPK9 siRNA,ctrl Ars vs MAPK9 Ars,ratio_p5_n1,-0.14396590939062515,0.03668889959139457,0.045418335400480854,51,55,0.7454159810573691,0.9989305618057707
MAPK9 siRNA,ctrl Ars vs MAPK9 Ars,diff_p5_n2,-0.07127991645933679,-49.17628305704768,-48.11908909685268,51,55,0.8189135526447564,0.999805271399313
MAPK9 siRNA,ctrl Ars vs MAPK9 Ars,ratio_p5_n2,-0.1699819814846784,0.02498045185156077,0.03198906058623358,51,55,0.6939246904910961,0.9973137805666917
MAPK9 siRNA,ctrl Ars vs MAPK9 Ars,diff_p5_n3,-0.09017698662088024,-61.12541302661624,-59.76872468360464,51,55,0.7694715274034639,0.9993489372264416
MAPK9 siRNA,ctrl Ars vs MAPK9 Ars,ratio_p5_n3,-0.20046282984249547,0.019104537953850864,0.025326470354569818,51,55,0.6508400308125224,0.9948105392389788
MAPK9 siRNA,ctrl Ars vs MAPK9 Ars,diff_p5_n4,-0.11270123981961393,-70.88326722200561,-69.27987892273819,51,55,0.729296667566477,0.9985463226942662
MAPK9 siRNA,ctrl Ars vs MAPK9 Ars,ratio_p5_n4,-0.20700279280433664,0.016118196262625867,0.0215486866169916,51,55,0.6356949279566484,0.9935830879222927
MAPK9 siRNA,ctrl Ars vs MAPK9 Ars,diff_p5_n5,-0.11527474974332864,-77.55207099642672,-76.04006363383405,57,65,0.6808099222109734,0.9966868056434091
MAPK9 siRNA,ctrl Ars vs MAPK9 Ars,ratio_p5_n5,-0.18960743517909825,0.016254623552350876,0.020797242638023943,57,65,0.613369707239592,0.991360683361927
